id,source_path,target_path_or_entity,linkage_type,direct_or_inferred,confidence,evidence
1,.github/workflows/automerge.yml,fastify/github-action-merge-dependabot@v3,workflow_uses_action,direct,high,uses: directive
2,.github/workflows/cli-publish.yml,actions/create-release@v1,workflow_uses_action,direct,high,uses: directive
3,.github/workflows/cli-publish.yml,actions/setup-node@v6,workflow_uses_action,direct,high,uses: directive
4,.github/workflows/cli-publish.yml,actions/checkout@v6,workflow_uses_action,direct,high,uses: directive
5,.github/workflows/cli-test.yml,actions/setup-node@v6,workflow_uses_action,direct,high,uses: directive
6,.github/workflows/cli-test.yml,actions/checkout@v6,workflow_uses_action,direct,high,uses: directive
7,.github/workflows/cli-test.yml,oven-sh/setup-bun@v2,workflow_uses_action,direct,high,uses: directive
8,.github/workflows/cli-test.yml,actions/upload-artifact@v6,workflow_uses_action,direct,high,uses: directive
9,.github/workflows/cli-test.yml,denoland/setup-deno@v2,workflow_uses_action,direct,high,uses: directive
10,.github/workflows/codeql.yml,github/codeql-action/autobuild@v4,workflow_uses_action,direct,high,uses: directive
11,.github/workflows/codeql.yml,github/codeql-action/init@v4,workflow_uses_action,direct,high,uses: directive
12,.github/workflows/codeql.yml,github/codeql-action/analyze@v4,workflow_uses_action,direct,high,uses: directive
13,.github/workflows/codeql.yml,actions/checkout@v6,workflow_uses_action,direct,high,uses: directive
14,.github/workflows/daily-skill-generator.yml,scripts/sync-marketplace.cjs,workflow_calls_script,direct,high,script reference in workflow file
15,.github/workflows/daily-skill-generator.yml,actions/checkout@v6,workflow_uses_action,direct,high,uses: directive
16,.github/workflows/daily-skill-generator.yml,actions/github-script@v8,workflow_uses_action,direct,high,uses: directive
17,.github/workflows/deploy-firebase.yml,actions/setup-node@v4,workflow_uses_action,direct,high,uses: directive
18,.github/workflows/deploy-firebase.yml,actions/checkout@v4,workflow_uses_action,direct,high,uses: directive
19,.github/workflows/deploy-firebase.yml,google-github-actions/setup-gcloud@v2,workflow_uses_action,direct,high,uses: directive
20,.github/workflows/deploy-firebase.yml,google-github-actions/auth@v2,workflow_uses_action,direct,high,uses: directive
21,.github/workflows/deploy-marketplace.yml,scripts/validate-routes.mjs,workflow_calls_script,direct,high,script reference in workflow file
22,.github/workflows/deploy-marketplace.yml,scripts/validate-playbook-routes.mjs,workflow_calls_script,direct,high,script reference in workflow file
23,.github/workflows/deploy-marketplace.yml,scripts/validate-internal-links.mjs,workflow_calls_script,direct,high,script reference in workflow file
24,.github/workflows/deploy-marketplace.yml,scripts/validate-links.mjs,workflow_calls_script,direct,high,script reference in workflow file
25,.github/workflows/deploy-marketplace.yml,actions/deploy-pages@v4,workflow_uses_action,direct,high,uses: directive
26,.github/workflows/deploy-marketplace.yml,actions/setup-node@v6,workflow_uses_action,direct,high,uses: directive
27,.github/workflows/deploy-marketplace.yml,actions/checkout@v6,workflow_uses_action,direct,high,uses: directive
28,.github/workflows/deploy-marketplace.yml,actions/upload-pages-artifact@v4,workflow_uses_action,direct,high,uses: directive
29,.github/workflows/gemini-code-review.yml,'google-github-actions/run-gemini-cli@v0',workflow_uses_action,direct,high,uses: directive
30,.github/workflows/gemini-code-review.yml,actions/checkout@v6,workflow_uses_action,direct,high,uses: directive
31,.github/workflows/maintainer-ready-automerge.yml,peter-evans/enable-pull-request-automerge@v3,workflow_uses_action,direct,high,uses: directive
32,.github/workflows/publish-mcp-registry.yml,actions/checkout@v6,workflow_uses_action,direct,high,uses: directive
33,.github/workflows/release.yml,scripts/test-installation.sh,workflow_calls_script,direct,high,script reference in workflow file
34,.github/workflows/release.yml,scripts/validate-all.sh,workflow_calls_script,direct,high,script reference in workflow file
35,.github/workflows/release.yml,actions/setup-python@v6,workflow_uses_action,direct,high,uses: directive
36,.github/workflows/release.yml,actions/setup-node@v6,workflow_uses_action,direct,high,uses: directive
37,.github/workflows/release.yml,actions/checkout@v6,workflow_uses_action,direct,high,uses: directive
38,.github/workflows/security-audit.yml,actions/setup-node@v6,workflow_uses_action,direct,high,uses: directive
39,.github/workflows/security-audit.yml,actions/checkout@v6,workflow_uses_action,direct,high,uses: directive
40,.github/workflows/sync-external.yml,scripts/sync-external.mjs,workflow_calls_script,direct,high,script reference in workflow file
41,.github/workflows/sync-external.yml,scripts/sync-marketplace.cjs,workflow_calls_script,direct,high,script reference in workflow file
42,.github/workflows/sync-external.yml,peter-evans/create-pull-request@v8,workflow_uses_action,direct,high,uses: directive
43,.github/workflows/sync-external.yml,pnpm/action-setup@v4,workflow_uses_action,direct,high,uses: directive
44,.github/workflows/sync-external.yml,actions/setup-node@v6,workflow_uses_action,direct,high,uses: directive
45,.github/workflows/sync-external.yml,actions/checkout@v6,workflow_uses_action,direct,high,uses: directive
46,.github/workflows/update-metrics.yml,scripts/update-metrics.mjs,workflow_calls_script,direct,high,script reference in workflow file
47,.github/workflows/update-metrics.yml,actions/setup-node@v6,workflow_uses_action,direct,high,uses: directive
48,.github/workflows/update-metrics.yml,actions/checkout@v6,workflow_uses_action,direct,high,uses: directive
49,.github/workflows/validate-plugins.yml,scripts/run-verification-pipeline.mjs,workflow_calls_script,direct,high,script reference in workflow file
50,.github/workflows/validate-plugins.yml,scripts/validate-playbook-routes.mjs,workflow_calls_script,direct,high,script reference in workflow file
51,.github/workflows/validate-plugins.yml,scripts/check-package-manager.mjs,workflow_calls_script,direct,high,script reference in workflow file
52,.github/workflows/validate-plugins.yml,scripts/validate-cowork-downloads.mjs,workflow_calls_script,direct,high,script reference in workflow file
53,.github/workflows/validate-plugins.yml,scripts/check-official-links.mjs,workflow_calls_script,direct,high,script reference in workflow file
54,.github/workflows/validate-plugins.yml,scripts/check-performance.mjs,workflow_calls_script,direct,high,script reference in workflow file
55,.github/workflows/validate-plugins.yml,scripts/validate-cowork-security.mjs,workflow_calls_script,direct,high,script reference in workflow file
56,.github/workflows/validate-plugins.yml,scripts/check-routes.mjs,workflow_calls_script,direct,high,script reference in workflow file
57,.github/workflows/validate-plugins.yml,scripts/validate-internal-links.mjs,workflow_calls_script,direct,high,script reference in workflow file
58,.github/workflows/validate-plugins.yml,scripts/sync-marketplace.cjs,workflow_calls_script,direct,high,script reference in workflow file
59,.github/workflows/validate-plugins.yml,scripts/validate-all-plugins.sh,workflow_calls_script,direct,high,script reference in workflow file
60,.github/workflows/validate-plugins.yml,actions/setup-node@v6,workflow_uses_action,direct,high,uses: directive
61,.github/workflows/validate-plugins.yml,actions/checkout@v6,workflow_uses_action,direct,high,uses: directive
62,.github/workflows/validate-plugins.yml,actions/upload-artifact@v6,workflow_uses_action,direct,high,uses: directive
63,.github/workflows/validate-plugins.yml,pnpm/action-setup@v4,workflow_uses_action,direct,high,uses: directive
64,.github/workflows/validate-plugins.yml,codecov/codecov-action@v5,workflow_uses_action,direct,high,uses: directive
65,.github/workflows/validate-plugins.yml,actions/setup-python@v6,workflow_uses_action,direct,high,uses: directive
66,package.json,scripts/sync-marketplace.cjs,npm_script_calls_script,direct,high,scripts.sync-marketplace: node scripts/sync-marketplace.cjs
67,package.json,scripts/build-cowork-zips.mjs,npm_script_calls_script,direct,high,scripts.build-cowork: node scripts/build-cowork-zips.mjs
68,package.json,scripts/update-metrics.mjs,npm_script_calls_script,direct,high,scripts.update-metrics: node scripts/update-metrics.mjs
69,package.json,scripts/run-verification-pipeline.mjs,npm_script_calls_script,direct,high,scripts.verify: node scripts/run-verification-pipeline.mjs
70,plugins/skill-enhancers/validate-plugin/skills/validate-plugin/SKILL.md,skill-creator,skill_references_skill,inferred,medium,"skill name ""skill-creator"" appears in SKILL.md body"
71,plugins/design/wondelai-design-everyday-things/skills/design-everyday-things/SKILL.md,ux-heuristics,skill_references_skill,inferred,medium,"skill name ""ux-heuristics"" appears in SKILL.md body"
72,plugins/design/wondelai-design-everyday-things/skills/design-everyday-things/SKILL.md,ios-hig-design,skill_references_skill,inferred,medium,"skill name ""ios-hig-design"" appears in SKILL.md body"
73,plugins/design/wondelai-top-design/skills/top-design/SKILL.md,configure,skill_references_skill,inferred,medium,"skill name ""configure"" appears in SKILL.md body"
74,plugins/design/wondelai-top-design/skills/top-design/SKILL.md,refactoring-ui,skill_references_skill,inferred,medium,"skill name ""refactoring-ui"" appears in SKILL.md body"
75,plugins/design/wondelai-top-design/skills/top-design/SKILL.md,web-typography,skill_references_skill,inferred,medium,"skill name ""web-typography"" appears in SKILL.md body"
76,plugins/design/wondelai-hooked-ux/skills/hooked-ux/SKILL.md,contagious,skill_references_skill,inferred,medium,"skill name ""contagious"" appears in SKILL.md body"
77,plugins/design/wondelai-ios-hig-design/skills/ios-hig-design/SKILL.md,design-everyday-things,skill_references_skill,inferred,medium,"skill name ""design-everyday-things"" appears in SKILL.md body"
78,plugins/design/wondelai-ios-hig-design/skills/ios-hig-design/SKILL.md,refactoring-ui,skill_references_skill,inferred,medium,"skill name ""refactoring-ui"" appears in SKILL.md body"
79,plugins/design/wondelai-refactoring-ui/skills/refactoring-ui/SKILL.md,ux-heuristics,skill_references_skill,inferred,medium,"skill name ""ux-heuristics"" appears in SKILL.md body"
80,plugins/design/wondelai-refactoring-ui/skills/refactoring-ui/SKILL.md,web-typography,skill_references_skill,inferred,medium,"skill name ""web-typography"" appears in SKILL.md body"
81,plugins/design/wondelai-ux-heuristics/skills/ux-heuristics/SKILL.md,refactoring-ui,skill_references_skill,inferred,medium,"skill name ""refactoring-ui"" appears in SKILL.md body"
82,plugins/design/wondelai-ux-heuristics/skills/ux-heuristics/SKILL.md,cro-methodology,skill_references_skill,inferred,medium,"skill name ""cro-methodology"" appears in SKILL.md body"
83,plugins/design/wondelai-web-typography/skills/web-typography/SKILL.md,refactoring-ui,skill_references_skill,inferred,medium,"skill name ""refactoring-ui"" appears in SKILL.md body"
84,plugins/design/wondelai-web-typography/skills/web-typography/SKILL.md,top-design,skill_references_skill,inferred,medium,"skill name ""top-design"" appears in SKILL.md body"
85,plugins/saas-packs/customerio-pack/skills/customerio-load-scale/SKILL.md,configure,skill_references_skill,inferred,medium,"skill name ""configure"" appears in SKILL.md body"
86,plugins/saas-packs/customerio-pack/skills/customerio-load-scale/SKILL.md,customerio-known-pitfalls,skill_references_skill,inferred,medium,"skill name ""customerio-known-pitfalls"" appears in SKILL.md body"
87,plugins/saas-packs/customerio-pack/skills/customerio-multi-env-setup/SKILL.md,configure,skill_references_skill,inferred,medium,"skill name ""configure"" appears in SKILL.md body"
88,plugins/saas-packs/customerio-pack/skills/customerio-multi-env-setup/SKILL.md,customerio-observability,skill_references_skill,inferred,medium,"skill name ""customerio-observability"" appears in SKILL.md body"
89,plugins/saas-packs/customerio-pack/skills/customerio-webhooks-events/SKILL.md,customerio-performance-tuning,skill_references_skill,inferred,medium,"skill name ""customerio-performance-tuning"" appears in SKILL.md body"
90,plugins/saas-packs/customerio-pack/skills/customerio-known-pitfalls/SKILL.md,customerio-reliability-patterns,skill_references_skill,inferred,medium,"skill name ""customerio-reliability-patterns"" appears in SKILL.md body"
91,plugins/saas-packs/customerio-pack/skills/customerio-performance-tuning/SKILL.md,configure,skill_references_skill,inferred,medium,"skill name ""configure"" appears in SKILL.md body"
92,plugins/saas-packs/customerio-pack/skills/customerio-performance-tuning/SKILL.md,customerio-cost-tuning,skill_references_skill,inferred,medium,"skill name ""customerio-cost-tuning"" appears in SKILL.md body"
93,plugins/saas-packs/customerio-pack/skills/customerio-reliability-patterns/SKILL.md,customerio-load-scale,skill_references_skill,inferred,medium,"skill name ""customerio-load-scale"" appears in SKILL.md body"
94,plugins/saas-packs/customerio-pack/skills/customerio-hello-world/SKILL.md,configure,skill_references_skill,inferred,medium,"skill name ""configure"" appears in SKILL.md body"
95,plugins/saas-packs/customerio-pack/skills/customerio-hello-world/SKILL.md,customerio-install-auth,skill_references_skill,inferred,medium,"skill name ""customerio-install-auth"" appears in SKILL.md body"
96,plugins/saas-packs/customerio-pack/skills/customerio-hello-world/SKILL.md,customerio-local-dev-loop,skill_references_skill,inferred,medium,"skill name ""customerio-local-dev-loop"" appears in SKILL.md body"
97,plugins/saas-packs/customerio-pack/skills/customerio-security-basics/SKILL.md,customerio-prod-checklist,skill_references_skill,inferred,medium,"skill name ""customerio-prod-checklist"" appears in SKILL.md body"
98,plugins/saas-packs/customerio-pack/skills/customerio-install-auth/SKILL.md,configure,skill_references_skill,inferred,medium,"skill name ""configure"" appears in SKILL.md body"
99,plugins/saas-packs/customerio-pack/skills/customerio-install-auth/SKILL.md,customerio-hello-world,skill_references_skill,inferred,medium,"skill name ""customerio-hello-world"" appears in SKILL.md body"
100,plugins/saas-packs/customerio-pack/skills/customerio-local-dev-loop/SKILL.md,customerio-sdk-patterns,skill_references_skill,inferred,medium,"skill name ""customerio-sdk-patterns"" appears in SKILL.md body"
101,plugins/saas-packs/customerio-pack/skills/customerio-observability/SKILL.md,customerio-advanced-troubleshooting,skill_references_skill,inferred,medium,"skill name ""customerio-advanced-troubleshooting"" appears in SKILL.md body"
102,plugins/saas-packs/customerio-pack/skills/customerio-common-errors/SKILL.md,configure,skill_references_skill,inferred,medium,"skill name ""configure"" appears in SKILL.md body"
103,plugins/saas-packs/customerio-pack/skills/customerio-common-errors/SKILL.md,customerio-debug-bundle,skill_references_skill,inferred,medium,"skill name ""customerio-debug-bundle"" appears in SKILL.md body"
104,plugins/saas-packs/customerio-pack/skills/customerio-cost-tuning/SKILL.md,customerio-reference-architecture,skill_references_skill,inferred,medium,"skill name ""customerio-reference-architecture"" appears in SKILL.md body"
105,plugins/saas-packs/customerio-pack/skills/customerio-ci-integration/SKILL.md,configure,skill_references_skill,inferred,medium,"skill name ""configure"" appears in SKILL.md body"
106,plugins/saas-packs/customerio-pack/skills/customerio-ci-integration/SKILL.md,customerio-deploy-pipeline,skill_references_skill,inferred,medium,"skill name ""customerio-deploy-pipeline"" appears in SKILL.md body"
107,plugins/saas-packs/customerio-pack/skills/customerio-core-feature/SKILL.md,configure,skill_references_skill,inferred,medium,"skill name ""configure"" appears in SKILL.md body"
108,plugins/saas-packs/customerio-pack/skills/customerio-core-feature/SKILL.md,customerio-common-errors,skill_references_skill,inferred,medium,"skill name ""customerio-common-errors"" appears in SKILL.md body"
109,plugins/saas-packs/customerio-pack/skills/customerio-prod-checklist/SKILL.md,configure,skill_references_skill,inferred,medium,"skill name ""configure"" appears in SKILL.md body"
110,plugins/saas-packs/customerio-pack/skills/customerio-prod-checklist/SKILL.md,customerio-upgrade-migration,skill_references_skill,inferred,medium,"skill name ""customerio-upgrade-migration"" appears in SKILL.md body"
111,plugins/saas-packs/customerio-pack/skills/customerio-upgrade-migration/SKILL.md,customerio-ci-integration,skill_references_skill,inferred,medium,"skill name ""customerio-ci-integration"" appears in SKILL.md body"
112,plugins/saas-packs/customerio-pack/skills/customerio-rate-limits/SKILL.md,customerio-security-basics,skill_references_skill,inferred,medium,"skill name ""customerio-security-basics"" appears in SKILL.md body"
113,plugins/saas-packs/customerio-pack/skills/customerio-sdk-patterns/SKILL.md,customerio-primary-workflow,skill_references_skill,inferred,medium,"skill name ""customerio-primary-workflow"" appears in SKILL.md body"
114,plugins/saas-packs/customerio-pack/skills/customerio-debug-bundle/SKILL.md,customerio-rate-limits,skill_references_skill,inferred,medium,"skill name ""customerio-rate-limits"" appears in SKILL.md body"
115,plugins/saas-packs/customerio-pack/skills/customerio-primary-workflow/SKILL.md,configure,skill_references_skill,inferred,medium,"skill name ""configure"" appears in SKILL.md body"
116,plugins/saas-packs/customerio-pack/skills/customerio-primary-workflow/SKILL.md,customerio-core-feature,skill_references_skill,inferred,medium,"skill name ""customerio-core-feature"" appears in SKILL.md body"
117,plugins/saas-packs/customerio-pack/skills/customerio-advanced-troubleshooting/SKILL.md,customerio-reliability-patterns,skill_references_skill,inferred,medium,"skill name ""customerio-reliability-patterns"" appears in SKILL.md body"
118,plugins/saas-packs/customerio-pack/skills/customerio-reference-architecture/SKILL.md,customerio-multi-env-setup,skill_references_skill,inferred,medium,"skill name ""customerio-multi-env-setup"" appears in SKILL.md body"
119,plugins/saas-packs/customerio-pack/skills/customerio-deploy-pipeline/SKILL.md,configure,skill_references_skill,inferred,medium,"skill name ""configure"" appears in SKILL.md body"
120,plugins/saas-packs/customerio-pack/skills/customerio-deploy-pipeline/SKILL.md,customerio-webhooks-events,skill_references_skill,inferred,medium,"skill name ""customerio-webhooks-events"" appears in SKILL.md body"
121,plugins/saas-packs/lindy-pack/skills/lindy-sdk-patterns/SKILL.md,lindy-core-workflow-a,skill_references_skill,inferred,medium,"skill name ""lindy-core-workflow-a"" appears in SKILL.md body"
122,plugins/saas-packs/lindy-pack/skills/lindy-sdk-patterns/SKILL.md,lindy-install-auth,skill_references_skill,inferred,medium,"skill name ""lindy-install-auth"" appears in SKILL.md body"
123,plugins/saas-packs/lindy-pack/skills/lindy-install-auth/SKILL.md,lindy-hello-world,skill_references_skill,inferred,medium,"skill name ""lindy-hello-world"" appears in SKILL.md body"
124,plugins/saas-packs/lindy-pack/skills/lindy-install-auth/SKILL.md,configure,skill_references_skill,inferred,medium,"skill name ""configure"" appears in SKILL.md body"
125,plugins/saas-packs/lindy-pack/skills/lindy-ci-integration/SKILL.md,configure,skill_references_skill,inferred,medium,"skill name ""configure"" appears in SKILL.md body"
126,plugins/saas-packs/lindy-pack/skills/lindy-ci-integration/SKILL.md,lindy-deploy-integration,skill_references_skill,inferred,medium,"skill name ""lindy-deploy-integration"" appears in SKILL.md body"
127,plugins/saas-packs/lindy-pack/skills/lindy-debug-bundle/SKILL.md,lindy-rate-limits,skill_references_skill,inferred,medium,"skill name ""lindy-rate-limits"" appears in SKILL.md body"
128,plugins/saas-packs/lindy-pack/skills/lindy-deploy-integration/SKILL.md,configure,skill_references_skill,inferred,medium,"skill name ""configure"" appears in SKILL.md body"
129,plugins/saas-packs/lindy-pack/skills/lindy-deploy-integration/SKILL.md,lindy-webhooks-events,skill_references_skill,inferred,medium,"skill name ""lindy-webhooks-events"" appears in SKILL.md body"
130,plugins/saas-packs/lindy-pack/skills/lindy-core-workflow-b/SKILL.md,lindy-common-errors,skill_references_skill,inferred,medium,"skill name ""lindy-common-errors"" appears in SKILL.md body"
131,plugins/saas-packs/lindy-pack/skills/lindy-core-workflow-b/SKILL.md,lindy-core-workflow-a,skill_references_skill,inferred,medium,"skill name ""lindy-core-workflow-a"" appears in SKILL.md body"
132,plugins/saas-packs/lindy-pack/skills/lindy-rate-limits/SKILL.md,configure,skill_references_skill,inferred,medium,"skill name ""configure"" appears in SKILL.md body"
133,plugins/saas-packs/lindy-pack/skills/lindy-multi-env-setup/SKILL.md,lindy-deploy-integration,skill_references_skill,inferred,medium,"skill name ""lindy-deploy-integration"" appears in SKILL.md body"
134,plugins/saas-packs/lindy-pack/skills/lindy-incident-runbook/SKILL.md,lindy-data-handling,skill_references_skill,inferred,medium,"skill name ""lindy-data-handling"" appears in SKILL.md body"
135,plugins/saas-packs/lindy-pack/skills/lindy-data-handling/SKILL.md,lindy-enterprise-rbac,skill_references_skill,inferred,medium,"skill name ""lindy-enterprise-rbac"" appears in SKILL.md body"
136,plugins/saas-packs/lindy-pack/skills/lindy-webhooks-events/SKILL.md,lindy-performance-tuning,skill_references_skill,inferred,medium,"skill name ""lindy-performance-tuning"" appears in SKILL.md body"
137,plugins/saas-packs/lindy-pack/skills/lindy-hello-world/SKILL.md,configure,skill_references_skill,inferred,medium,"skill name ""configure"" appears in SKILL.md body"
138,plugins/saas-packs/lindy-pack/skills/lindy-hello-world/SKILL.md,lindy-local-dev-loop,skill_references_skill,inferred,medium,"skill name ""lindy-local-dev-loop"" appears in SKILL.md body"
139,plugins/saas-packs/lindy-pack/skills/lindy-hello-world/SKILL.md,lindy-install-auth,skill_references_skill,inferred,medium,"skill name ""lindy-install-auth"" appears in SKILL.md body"
140,plugins/saas-packs/lindy-pack/skills/lindy-local-dev-loop/SKILL.md,configure,skill_references_skill,inferred,medium,"skill name ""configure"" appears in SKILL.md body"
141,plugins/saas-packs/lindy-pack/skills/lindy-local-dev-loop/SKILL.md,lindy-sdk-patterns,skill_references_skill,inferred,medium,"skill name ""lindy-sdk-patterns"" appears in SKILL.md body"
142,plugins/saas-packs/lindy-pack/skills/lindy-local-dev-loop/SKILL.md,lindy-install-auth,skill_references_skill,inferred,medium,"skill name ""lindy-install-auth"" appears in SKILL.md body"
143,plugins/saas-packs/lindy-pack/skills/lindy-prod-checklist/SKILL.md,lindy-upgrade-migration,skill_references_skill,inferred,medium,"skill name ""lindy-upgrade-migration"" appears in SKILL.md body"
144,plugins/saas-packs/lindy-pack/skills/lindy-common-errors/SKILL.md,lindy-debug-bundle,skill_references_skill,inferred,medium,"skill name ""lindy-debug-bundle"" appears in SKILL.md body"
145,plugins/saas-packs/lindy-pack/skills/lindy-core-workflow-a/SKILL.md,lindy-core-workflow-b,skill_references_skill,inferred,medium,"skill name ""lindy-core-workflow-b"" appears in SKILL.md body"
146,plugins/saas-packs/lindy-pack/skills/lindy-core-workflow-a/SKILL.md,configure,skill_references_skill,inferred,medium,"skill name ""configure"" appears in SKILL.md body"
147,plugins/saas-packs/lindy-pack/skills/lindy-core-workflow-a/SKILL.md,lindy-install-auth,skill_references_skill,inferred,medium,"skill name ""lindy-install-auth"" appears in SKILL.md body"
148,plugins/saas-packs/groq-pack/skills/groq-debug-bundle/SKILL.md,groq-rate-limits,skill_references_skill,inferred,medium,"skill name ""groq-rate-limits"" appears in SKILL.md body"
149,plugins/saas-packs/groq-pack/skills/groq-webhooks-events/SKILL.md,groq-deploy-integration,skill_references_skill,inferred,medium,"skill name ""groq-deploy-integration"" appears in SKILL.md body"
150,plugins/saas-packs/groq-pack/skills/groq-enterprise-rbac/SKILL.md,configure,skill_references_skill,inferred,medium,"skill name ""configure"" appears in SKILL.md body"
151,plugins/saas-packs/groq-pack/skills/groq-local-dev-loop/SKILL.md,groq-install-auth,skill_references_skill,inferred,medium,"skill name ""groq-install-auth"" appears in SKILL.md body"
152,plugins/saas-packs/groq-pack/skills/groq-local-dev-loop/SKILL.md,groq-sdk-patterns,skill_references_skill,inferred,medium,"skill name ""groq-sdk-patterns"" appears in SKILL.md body"
153,plugins/saas-packs/groq-pack/skills/groq-security-basics/SKILL.md,groq-prod-checklist,skill_references_skill,inferred,medium,"skill name ""groq-prod-checklist"" appears in SKILL.md body"
154,plugins/saas-packs/groq-pack/skills/groq-deploy-integration/SKILL.md,groq-multi-env-setup,skill_references_skill,inferred,medium,"skill name ""groq-multi-env-setup"" appears in SKILL.md body"
155,plugins/saas-packs/groq-pack/skills/groq-sdk-patterns/SKILL.md,groq-install-auth,skill_references_skill,inferred,medium,"skill name ""groq-install-auth"" appears in SKILL.md body"
156,plugins/saas-packs/groq-pack/skills/groq-sdk-patterns/SKILL.md,groq-core-workflow-a,skill_references_skill,inferred,medium,"skill name ""groq-core-workflow-a"" appears in SKILL.md body"
157,plugins/saas-packs/groq-pack/skills/groq-core-workflow-a/SKILL.md,configure,skill_references_skill,inferred,medium,"skill name ""configure"" appears in SKILL.md body"
158,plugins/saas-packs/groq-pack/skills/groq-core-workflow-a/SKILL.md,groq-install-auth,skill_references_skill,inferred,medium,"skill name ""groq-install-auth"" appears in SKILL.md body"
159,plugins/saas-packs/groq-pack/skills/groq-core-workflow-a/SKILL.md,groq-core-workflow-b,skill_references_skill,inferred,medium,"skill name ""groq-core-workflow-b"" appears in SKILL.md body"
160,plugins/saas-packs/groq-pack/skills/groq-common-errors/SKILL.md,configure,skill_references_skill,inferred,medium,"skill name ""configure"" appears in SKILL.md body"
161,plugins/saas-packs/groq-pack/skills/groq-common-errors/SKILL.md,groq-rate-limits,skill_references_skill,inferred,medium,"skill name ""groq-rate-limits"" appears in SKILL.md body"
162,plugins/saas-packs/groq-pack/skills/groq-common-errors/SKILL.md,groq-debug-bundle,skill_references_skill,inferred,medium,"skill name ""groq-debug-bundle"" appears in SKILL.md body"
163,plugins/saas-packs/groq-pack/skills/groq-data-handling/SKILL.md,configure,skill_references_skill,inferred,medium,"skill name ""configure"" appears in SKILL.md body"
164,plugins/saas-packs/groq-pack/skills/groq-performance-tuning/SKILL.md,configure,skill_references_skill,inferred,medium,"skill name ""configure"" appears in SKILL.md body"
165,plugins/saas-packs/groq-pack/skills/groq-install-auth/SKILL.md,configure,skill_references_skill,inferred,medium,"skill name ""configure"" appears in SKILL.md body"
166,plugins/saas-packs/groq-pack/skills/groq-install-auth/SKILL.md,groq-hello-world,skill_references_skill,inferred,medium,"skill name ""groq-hello-world"" appears in SKILL.md body"
167,plugins/saas-packs/groq-pack/skills/groq-reference-architecture/SKILL.md,configure,skill_references_skill,inferred,medium,"skill name ""configure"" appears in SKILL.md body"
168,plugins/saas-packs/groq-pack/skills/groq-prod-checklist/SKILL.md,configure,skill_references_skill,inferred,medium,"skill name ""configure"" appears in SKILL.md body"
169,plugins/saas-packs/groq-pack/skills/groq-prod-checklist/SKILL.md,groq-upgrade-migration,skill_references_skill,inferred,medium,"skill name ""groq-upgrade-migration"" appears in SKILL.md body"
170,plugins/saas-packs/groq-pack/skills/groq-hello-world/SKILL.md,configure,skill_references_skill,inferred,medium,"skill name ""configure"" appears in SKILL.md body"
171,plugins/saas-packs/groq-pack/skills/groq-hello-world/SKILL.md,groq-install-auth,skill_references_skill,inferred,medium,"skill name ""groq-install-auth"" appears in SKILL.md body"
172,plugins/saas-packs/groq-pack/skills/groq-hello-world/SKILL.md,groq-local-dev-loop,skill_references_skill,inferred,medium,"skill name ""groq-local-dev-loop"" appears in SKILL.md body"
173,plugins/saas-packs/groq-pack/skills/groq-ci-integration/SKILL.md,configure,skill_references_skill,inferred,medium,"skill name ""configure"" appears in SKILL.md body"
174,plugins/saas-packs/groq-pack/skills/groq-ci-integration/SKILL.md,groq-deploy-integration,skill_references_skill,inferred,medium,"skill name ""groq-deploy-integration"" appears in SKILL.md body"
175,plugins/saas-packs/groq-pack/skills/groq-observability/SKILL.md,configure,skill_references_skill,inferred,medium,"skill name ""configure"" appears in SKILL.md body"
176,plugins/saas-packs/groq-pack/skills/groq-incident-runbook/SKILL.md,groq-data-handling,skill_references_skill,inferred,medium,"skill name ""groq-data-handling"" appears in SKILL.md body"
177,plugins/saas-packs/groq-pack/skills/groq-incident-runbook/SKILL.md,groq-debug-bundle,skill_references_skill,inferred,medium,"skill name ""groq-debug-bundle"" appears in SKILL.md body"
178,plugins/saas-packs/groq-pack/skills/groq-multi-env-setup/SKILL.md,configure,skill_references_skill,inferred,medium,"skill name ""configure"" appears in SKILL.md body"
179,plugins/saas-packs/groq-pack/skills/groq-multi-env-setup/SKILL.md,groq-deploy-integration,skill_references_skill,inferred,medium,"skill name ""groq-deploy-integration"" appears in SKILL.md body"
180,plugins/saas-packs/groq-pack/skills/groq-upgrade-migration/SKILL.md,groq-ci-integration,skill_references_skill,inferred,medium,"skill name ""groq-ci-integration"" appears in SKILL.md body"
181,plugins/saas-packs/groq-pack/skills/groq-core-workflow-b/SKILL.md,configure,skill_references_skill,inferred,medium,"skill name ""configure"" appears in SKILL.md body"
182,plugins/saas-packs/groq-pack/skills/groq-core-workflow-b/SKILL.md,groq-install-auth,skill_references_skill,inferred,medium,"skill name ""groq-install-auth"" appears in SKILL.md body"
183,plugins/saas-packs/groq-pack/skills/groq-core-workflow-b/SKILL.md,groq-core-workflow-a,skill_references_skill,inferred,medium,"skill name ""groq-core-workflow-a"" appears in SKILL.md body"
184,plugins/saas-packs/groq-pack/skills/groq-core-workflow-b/SKILL.md,groq-common-errors,skill_references_skill,inferred,medium,"skill name ""groq-common-errors"" appears in SKILL.md body"
185,plugins/saas-packs/groq-pack/skills/groq-rate-limits/SKILL.md,groq-security-basics,skill_references_skill,inferred,medium,"skill name ""groq-security-basics"" appears in SKILL.md body"
186,plugins/saas-packs/documenso-pack/skills/documenso-debug-bundle/SKILL.md,documenso-rate-limits,skill_references_skill,inferred,medium,"skill name ""documenso-rate-limits"" appears in SKILL.md body"
187,plugins/saas-packs/documenso-pack/skills/documenso-performance-tuning/SKILL.md,documenso-cost-tuning,skill_references_skill,inferred,medium,"skill name ""documenso-cost-tuning"" appears in SKILL.md body"
188,plugins/saas-packs/documenso-pack/skills/documenso-core-workflow-a/SKILL.md,documenso-sdk-patterns,skill_references_skill,inferred,medium,"skill name ""documenso-sdk-patterns"" appears in SKILL.md body"
189,plugins/saas-packs/documenso-pack/skills/documenso-core-workflow-a/SKILL.md,documenso-core-workflow-b,skill_references_skill,inferred,medium,"skill name ""documenso-core-workflow-b"" appears in SKILL.md body"
190,plugins/saas-packs/documenso-pack/skills/documenso-core-workflow-a/SKILL.md,documenso-install-auth,skill_references_skill,inferred,medium,"skill name ""documenso-install-auth"" appears in SKILL.md body"
191,plugins/saas-packs/documenso-pack/skills/documenso-enterprise-rbac/SKILL.md,documenso-migration-deep-dive,skill_references_skill,inferred,medium,"skill name ""documenso-migration-deep-dive"" appears in SKILL.md body"
192,plugins/saas-packs/documenso-pack/skills/documenso-install-auth/SKILL.md,configure,skill_references_skill,inferred,medium,"skill name ""configure"" appears in SKILL.md body"
193,plugins/saas-packs/documenso-pack/skills/documenso-install-auth/SKILL.md,documenso-hello-world,skill_references_skill,inferred,medium,"skill name ""documenso-hello-world"" appears in SKILL.md body"
194,plugins/saas-packs/documenso-pack/skills/documenso-multi-env-setup/SKILL.md,documenso-observability,skill_references_skill,inferred,medium,"skill name ""documenso-observability"" appears in SKILL.md body"
195,plugins/saas-packs/documenso-pack/skills/documenso-webhooks-events/SKILL.md,documenso-performance-tuning,skill_references_skill,inferred,medium,"skill name ""documenso-performance-tuning"" appears in SKILL.md body"
196,plugins/saas-packs/documenso-pack/skills/documenso-migration-deep-dive/SKILL.md,configure,skill_references_skill,inferred,medium,"skill name ""configure"" appears in SKILL.md body"
197,plugins/saas-packs/documenso-pack/skills/documenso-hello-world/SKILL.md,documenso-local-dev-loop,skill_references_skill,inferred,medium,"skill name ""documenso-local-dev-loop"" appears in SKILL.md body"
198,plugins/saas-packs/documenso-pack/skills/documenso-hello-world/SKILL.md,configure,skill_references_skill,inferred,medium,"skill name ""configure"" appears in SKILL.md body"
199,plugins/saas-packs/documenso-pack/skills/documenso-hello-world/SKILL.md,documenso-install-auth,skill_references_skill,inferred,medium,"skill name ""documenso-install-auth"" appears in SKILL.md body"
200,plugins/saas-packs/documenso-pack/skills/documenso-deploy-integration/SKILL.md,documenso-webhooks-events,skill_references_skill,inferred,medium,"skill name ""documenso-webhooks-events"" appears in SKILL.md body"
201,plugins/saas-packs/documenso-pack/skills/documenso-ci-integration/SKILL.md,configure,skill_references_skill,inferred,medium,"skill name ""configure"" appears in SKILL.md body"
202,plugins/saas-packs/documenso-pack/skills/documenso-ci-integration/SKILL.md,documenso-deploy-integration,skill_references_skill,inferred,medium,"skill name ""documenso-deploy-integration"" appears in SKILL.md body"
203,plugins/saas-packs/documenso-pack/skills/documenso-local-dev-loop/SKILL.md,documenso-sdk-patterns,skill_references_skill,inferred,medium,"skill name ""documenso-sdk-patterns"" appears in SKILL.md body"
204,plugins/saas-packs/documenso-pack/skills/documenso-local-dev-loop/SKILL.md,documenso-install-auth,skill_references_skill,inferred,medium,"skill name ""documenso-install-auth"" appears in SKILL.md body"
205,plugins/saas-packs/documenso-pack/skills/documenso-upgrade-migration/SKILL.md,documenso-ci-integration,skill_references_skill,inferred,medium,"skill name ""documenso-ci-integration"" appears in SKILL.md body"
206,plugins/saas-packs/documenso-pack/skills/documenso-core-workflow-b/SKILL.md,documenso-core-workflow-a,skill_references_skill,inferred,medium,"skill name ""documenso-core-workflow-a"" appears in SKILL.md body"
207,plugins/saas-packs/documenso-pack/skills/documenso-core-workflow-b/SKILL.md,documenso-common-errors,skill_references_skill,inferred,medium,"skill name ""documenso-common-errors"" appears in SKILL.md body"
208,plugins/saas-packs/documenso-pack/skills/documenso-common-errors/SKILL.md,documenso-debug-bundle,skill_references_skill,inferred,medium,"skill name ""documenso-debug-bundle"" appears in SKILL.md body"
209,plugins/saas-packs/documenso-pack/skills/documenso-prod-checklist/SKILL.md,configure,skill_references_skill,inferred,medium,"skill name ""configure"" appears in SKILL.md body"
210,plugins/saas-packs/documenso-pack/skills/documenso-prod-checklist/SKILL.md,documenso-upgrade-migration,skill_references_skill,inferred,medium,"skill name ""documenso-upgrade-migration"" appears in SKILL.md body"
211,plugins/saas-packs/documenso-pack/skills/documenso-incident-runbook/SKILL.md,documenso-data-handling,skill_references_skill,inferred,medium,"skill name ""documenso-data-handling"" appears in SKILL.md body"
212,plugins/saas-packs/documenso-pack/skills/documenso-cost-tuning/SKILL.md,documenso-reference-architecture,skill_references_skill,inferred,medium,"skill name ""documenso-reference-architecture"" appears in SKILL.md body"
213,plugins/saas-packs/documenso-pack/skills/documenso-sdk-patterns/SKILL.md,documenso-core-workflow-a,skill_references_skill,inferred,medium,"skill name ""documenso-core-workflow-a"" appears in SKILL.md body"
214,plugins/saas-packs/documenso-pack/skills/documenso-sdk-patterns/SKILL.md,documenso-install-auth,skill_references_skill,inferred,medium,"skill name ""documenso-install-auth"" appears in SKILL.md body"
215,plugins/saas-packs/documenso-pack/skills/documenso-reference-architecture/SKILL.md,configure,skill_references_skill,inferred,medium,"skill name ""configure"" appears in SKILL.md body"
216,plugins/saas-packs/documenso-pack/skills/documenso-reference-architecture/SKILL.md,documenso-multi-env-setup,skill_references_skill,inferred,medium,"skill name ""documenso-multi-env-setup"" appears in SKILL.md body"
217,plugins/saas-packs/documenso-pack/skills/documenso-security-basics/SKILL.md,documenso-prod-checklist,skill_references_skill,inferred,medium,"skill name ""documenso-prod-checklist"" appears in SKILL.md body"
218,plugins/saas-packs/documenso-pack/skills/documenso-rate-limits/SKILL.md,documenso-security-basics,skill_references_skill,inferred,medium,"skill name ""documenso-security-basics"" appears in SKILL.md body"
219,plugins/saas-packs/documenso-pack/skills/documenso-data-handling/SKILL.md,documenso-enterprise-rbac,skill_references_skill,inferred,medium,"skill name ""documenso-enterprise-rbac"" appears in SKILL.md body"
220,plugins/saas-packs/documenso-pack/skills/documenso-observability/SKILL.md,documenso-incident-runbook,skill_references_skill,inferred,medium,"skill name ""documenso-incident-runbook"" appears in SKILL.md body"
221,plugins/saas-packs/guidewire-pack/skills/guidewire-performance-tuning/SKILL.md,guidewire-cost-tuning,skill_references_skill,inferred,medium,"skill name ""guidewire-cost-tuning"" appears in SKILL.md body"
222,plugins/saas-packs/guidewire-pack/skills/guidewire-deploy-integration/SKILL.md,guidewire-webhooks-events,skill_references_skill,inferred,medium,"skill name ""guidewire-webhooks-events"" appears in SKILL.md body"
223,plugins/saas-packs/guidewire-pack/skills/guidewire-observability/SKILL.md,guidewire-incident-runbook,skill_references_skill,inferred,medium,"skill name ""guidewire-incident-runbook"" appears in SKILL.md body"
224,plugins/saas-packs/guidewire-pack/skills/guidewire-hello-world/SKILL.md,guidewire-local-dev-loop,skill_references_skill,inferred,medium,"skill name ""guidewire-local-dev-loop"" appears in SKILL.md body"
225,plugins/saas-packs/guidewire-pack/skills/guidewire-hello-world/SKILL.md,guidewire-install-auth,skill_references_skill,inferred,medium,"skill name ""guidewire-install-auth"" appears in SKILL.md body"
226,plugins/saas-packs/guidewire-pack/skills/guidewire-security-basics/SKILL.md,guidewire-prod-checklist,skill_references_skill,inferred,medium,"skill name ""guidewire-prod-checklist"" appears in SKILL.md body"
227,plugins/saas-packs/guidewire-pack/skills/guidewire-upgrade-migration/SKILL.md,guidewire-ci-integration,skill_references_skill,inferred,medium,"skill name ""guidewire-ci-integration"" appears in SKILL.md body"
228,plugins/saas-packs/guidewire-pack/skills/guidewire-webhooks-events/SKILL.md,guidewire-performance-tuning,skill_references_skill,inferred,medium,"skill name ""guidewire-performance-tuning"" appears in SKILL.md body"
229,plugins/saas-packs/guidewire-pack/skills/guidewire-data-handling/SKILL.md,guidewire-enterprise-rbac,skill_references_skill,inferred,medium,"skill name ""guidewire-enterprise-rbac"" appears in SKILL.md body"
230,plugins/saas-packs/guidewire-pack/skills/guidewire-incident-runbook/SKILL.md,guidewire-data-handling,skill_references_skill,inferred,medium,"skill name ""guidewire-data-handling"" appears in SKILL.md body"
231,plugins/saas-packs/guidewire-pack/skills/guidewire-incident-runbook/SKILL.md,configure,skill_references_skill,inferred,medium,"skill name ""configure"" appears in SKILL.md body"
232,plugins/saas-packs/guidewire-pack/skills/guidewire-cost-tuning/SKILL.md,guidewire-reference-architecture,skill_references_skill,inferred,medium,"skill name ""guidewire-reference-architecture"" appears in SKILL.md body"
233,plugins/saas-packs/guidewire-pack/skills/guidewire-prod-checklist/SKILL.md,guidewire-upgrade-migration,skill_references_skill,inferred,medium,"skill name ""guidewire-upgrade-migration"" appears in SKILL.md body"
234,plugins/saas-packs/guidewire-pack/skills/guidewire-enterprise-rbac/SKILL.md,guidewire-migration-deep-dive,skill_references_skill,inferred,medium,"skill name ""guidewire-migration-deep-dive"" appears in SKILL.md body"
235,plugins/saas-packs/guidewire-pack/skills/guidewire-install-auth/SKILL.md,configure,skill_references_skill,inferred,medium,"skill name ""configure"" appears in SKILL.md body"
236,plugins/saas-packs/guidewire-pack/skills/guidewire-install-auth/SKILL.md,guidewire-hello-world,skill_references_skill,inferred,medium,"skill name ""guidewire-hello-world"" appears in SKILL.md body"
237,plugins/saas-packs/guidewire-pack/skills/guidewire-rate-limits/SKILL.md,guidewire-security-basics,skill_references_skill,inferred,medium,"skill name ""guidewire-security-basics"" appears in SKILL.md body"
238,plugins/saas-packs/guidewire-pack/skills/guidewire-local-dev-loop/SKILL.md,configure,skill_references_skill,inferred,medium,"skill name ""configure"" appears in SKILL.md body"
239,plugins/saas-packs/guidewire-pack/skills/guidewire-local-dev-loop/SKILL.md,guidewire-sdk-patterns,skill_references_skill,inferred,medium,"skill name ""guidewire-sdk-patterns"" appears in SKILL.md body"
240,plugins/saas-packs/guidewire-pack/skills/guidewire-debug-bundle/SKILL.md,configure,skill_references_skill,inferred,medium,"skill name ""configure"" appears in SKILL.md body"
241,plugins/saas-packs/guidewire-pack/skills/guidewire-debug-bundle/SKILL.md,guidewire-rate-limits,skill_references_skill,inferred,medium,"skill name ""guidewire-rate-limits"" appears in SKILL.md body"
242,plugins/saas-packs/guidewire-pack/skills/guidewire-common-errors/SKILL.md,guidewire-debug-bundle,skill_references_skill,inferred,medium,"skill name ""guidewire-debug-bundle"" appears in SKILL.md body"
243,plugins/saas-packs/guidewire-pack/skills/guidewire-multi-env-setup/SKILL.md,guidewire-observability,skill_references_skill,inferred,medium,"skill name ""guidewire-observability"" appears in SKILL.md body"
244,plugins/saas-packs/guidewire-pack/skills/guidewire-sdk-patterns/SKILL.md,guidewire-core-workflow-b,skill_references_skill,inferred,medium,"skill name ""guidewire-core-workflow-b"" appears in SKILL.md body"
245,plugins/saas-packs/guidewire-pack/skills/guidewire-sdk-patterns/SKILL.md,guidewire-hello-world,skill_references_skill,inferred,medium,"skill name ""guidewire-hello-world"" appears in SKILL.md body"
246,plugins/saas-packs/guidewire-pack/skills/guidewire-sdk-patterns/SKILL.md,guidewire-core-workflow-a,skill_references_skill,inferred,medium,"skill name ""guidewire-core-workflow-a"" appears in SKILL.md body"
247,plugins/saas-packs/guidewire-pack/skills/guidewire-sdk-patterns/SKILL.md,guidewire-install-auth,skill_references_skill,inferred,medium,"skill name ""guidewire-install-auth"" appears in SKILL.md body"
248,plugins/saas-packs/guidewire-pack/skills/guidewire-ci-integration/SKILL.md,guidewire-deploy-integration,skill_references_skill,inferred,medium,"skill name ""guidewire-deploy-integration"" appears in SKILL.md body"
249,plugins/saas-packs/guidewire-pack/skills/guidewire-reference-architecture/SKILL.md,guidewire-multi-env-setup,skill_references_skill,inferred,medium,"skill name ""guidewire-multi-env-setup"" appears in SKILL.md body"
250,plugins/saas-packs/guidewire-pack/skills/guidewire-core-workflow-b/SKILL.md,guidewire-core-workflow-a,skill_references_skill,inferred,medium,"skill name ""guidewire-core-workflow-a"" appears in SKILL.md body"
251,plugins/saas-packs/guidewire-pack/skills/guidewire-core-workflow-b/SKILL.md,guidewire-install-auth,skill_references_skill,inferred,medium,"skill name ""guidewire-install-auth"" appears in SKILL.md body"
252,plugins/saas-packs/guidewire-pack/skills/guidewire-core-workflow-b/SKILL.md,guidewire-common-errors,skill_references_skill,inferred,medium,"skill name ""guidewire-common-errors"" appears in SKILL.md body"
253,plugins/saas-packs/guidewire-pack/skills/guidewire-core-workflow-a/SKILL.md,guidewire-core-workflow-b,skill_references_skill,inferred,medium,"skill name ""guidewire-core-workflow-b"" appears in SKILL.md body"
254,plugins/saas-packs/guidewire-pack/skills/guidewire-core-workflow-a/SKILL.md,guidewire-sdk-patterns,skill_references_skill,inferred,medium,"skill name ""guidewire-sdk-patterns"" appears in SKILL.md body"
255,plugins/saas-packs/guidewire-pack/skills/guidewire-core-workflow-a/SKILL.md,guidewire-install-auth,skill_references_skill,inferred,medium,"skill name ""guidewire-install-auth"" appears in SKILL.md body"
256,plugins/saas-packs/supabase-pack/skills/supabase-local-dev-loop/SKILL.md,supabase-install-auth,skill_references_skill,inferred,medium,"skill name ""supabase-install-auth"" appears in SKILL.md body"
257,plugins/saas-packs/supabase-pack/skills/supabase-auth-storage-realtime-core/SKILL.md,supabase-common-errors,skill_references_skill,inferred,medium,"skill name ""supabase-common-errors"" appears in SKILL.md body"
258,plugins/saas-packs/supabase-pack/skills/supabase-auth-storage-realtime-core/SKILL.md,configure,skill_references_skill,inferred,medium,"skill name ""configure"" appears in SKILL.md body"
259,plugins/saas-packs/supabase-pack/skills/supabase-auth-storage-realtime-core/SKILL.md,supabase-schema-from-requirements,skill_references_skill,inferred,medium,"skill name ""supabase-schema-from-requirements"" appears in SKILL.md body"
260,plugins/saas-packs/supabase-pack/skills/supabase-auth-storage-realtime-core/SKILL.md,supabase-install-auth,skill_references_skill,inferred,medium,"skill name ""supabase-install-auth"" appears in SKILL.md body"
261,plugins/saas-packs/supabase-pack/skills/supabase-enterprise-rbac/SKILL.md,configure,skill_references_skill,inferred,medium,"skill name ""configure"" appears in SKILL.md body"
262,plugins/saas-packs/supabase-pack/skills/supabase-sdk-patterns/SKILL.md,supabase-install-auth,skill_references_skill,inferred,medium,"skill name ""supabase-install-auth"" appears in SKILL.md body"
263,plugins/saas-packs/supabase-pack/skills/supabase-policy-guardrails/SKILL.md,configure,skill_references_skill,inferred,medium,"skill name ""configure"" appears in SKILL.md body"
264,plugins/saas-packs/supabase-pack/skills/supabase-reliability-patterns/SKILL.md,configure,skill_references_skill,inferred,medium,"skill name ""configure"" appears in SKILL.md body"
265,plugins/saas-packs/supabase-pack/skills/supabase-load-scale/SKILL.md,configure,skill_references_skill,inferred,medium,"skill name ""configure"" appears in SKILL.md body"
266,plugins/saas-packs/supabase-pack/skills/supabase-observability/SKILL.md,configure,skill_references_skill,inferred,medium,"skill name ""configure"" appears in SKILL.md body"
267,plugins/saas-packs/supabase-pack/skills/supabase-install-auth/SKILL.md,configure,skill_references_skill,inferred,medium,"skill name ""configure"" appears in SKILL.md body"
268,plugins/saas-packs/supabase-pack/skills/supabase-install-auth/SKILL.md,supabase-hello-world,skill_references_skill,inferred,medium,"skill name ""supabase-hello-world"" appears in SKILL.md body"
269,plugins/saas-packs/supabase-pack/skills/supabase-reference-architecture/SKILL.md,configure,skill_references_skill,inferred,medium,"skill name ""configure"" appears in SKILL.md body"
270,sources.yaml,numman-ali/n-skills,external_source_repo,direct,high,repo reference in sources.yaml
271,sources.yaml,numman-ali/n-skills,external_source_repo,direct,high,repo reference in sources.yaml
272,sources.yaml,roboticforce/sugar,external_source_repo,direct,high,repo reference in sources.yaml
273,sources.yaml,wondelai/skills,external_source_repo,direct,high,repo reference in sources.yaml
274,sources.yaml,wondelai/skills,external_source_repo,direct,high,repo reference in sources.yaml
275,sources.yaml,wondelai/skills,external_source_repo,direct,high,repo reference in sources.yaml
276,sources.yaml,wondelai/skills,external_source_repo,direct,high,repo reference in sources.yaml
277,sources.yaml,wondelai/skills,external_source_repo,direct,high,repo reference in sources.yaml
278,sources.yaml,wondelai/skills,external_source_repo,direct,high,repo reference in sources.yaml
279,sources.yaml,wondelai/skills,external_source_repo,direct,high,repo reference in sources.yaml
280,sources.yaml,wondelai/skills,external_source_repo,direct,high,repo reference in sources.yaml
281,sources.yaml,wondelai/skills,external_source_repo,direct,high,repo reference in sources.yaml
282,sources.yaml,wondelai/skills,external_source_repo,direct,high,repo reference in sources.yaml
283,sources.yaml,wondelai/skills,external_source_repo,direct,high,repo reference in sources.yaml
284,sources.yaml,wondelai/skills,external_source_repo,direct,high,repo reference in sources.yaml
285,sources.yaml,wondelai/skills,external_source_repo,direct,high,repo reference in sources.yaml
286,sources.yaml,wondelai/skills,external_source_repo,direct,high,repo reference in sources.yaml
287,sources.yaml,wondelai/skills,external_source_repo,direct,high,repo reference in sources.yaml
288,sources.yaml,wondelai/skills,external_source_repo,direct,high,repo reference in sources.yaml
289,sources.yaml,wondelai/skills,external_source_repo,direct,high,repo reference in sources.yaml
290,sources.yaml,wondelai/skills,external_source_repo,direct,high,repo reference in sources.yaml
291,sources.yaml,wondelai/skills,external_source_repo,direct,high,repo reference in sources.yaml
292,sources.yaml,wondelai/skills,external_source_repo,direct,high,repo reference in sources.yaml
293,sources.yaml,wondelai/skills,external_source_repo,direct,high,repo reference in sources.yaml
294,sources.yaml,wondelai/skills,external_source_repo,direct,high,repo reference in sources.yaml
295,sources.yaml,wondelai/skills,external_source_repo,direct,high,repo reference in sources.yaml
296,sources.yaml,wondelai/skills,external_source_repo,direct,high,repo reference in sources.yaml
297,sources.yaml,wondelai/skills,external_source_repo,direct,high,repo reference in sources.yaml
298,sources.yaml,jeremylongshore/box-cloud-filesystem,external_source_repo,direct,high,repo reference in sources.yaml
299,sources.yaml,jeremylongshore/pr-to-prompt,external_source_repo,direct,high,repo reference in sources.yaml
300,sources.yaml,jeremylongshore/claude-code-slack-channel,external_source_repo,direct,high,repo reference in sources.yaml
301,sources.yaml,SawyerHood/dev-browser,external_source_repo,direct,high,repo reference in sources.yaml
