id,plugin_path,plugin_json_path,pack_name,has_readme,has_package_json,has_mcp_json,has_src_dir,has_commands_dir,has_agents_dir,has_skills_dir,file_count
1,plugins/ai-agency/discovery-questionnaire,plugins/ai-agency/discovery-questionnaire/.claude-plugin/plugin.json,ai-agency,1,0,0,0,1,0,1,14
2,plugins/ai-agency/make-scenario-builder,plugins/ai-agency/make-scenario-builder/.claude-plugin/plugin.json,ai-agency,1,0,0,0,1,1,1,15
3,plugins/ai-agency/n8n-workflow-designer,plugins/ai-agency/n8n-workflow-designer/.claude-plugin/plugin.json,ai-agency,1,0,0,0,1,1,1,15
4,plugins/ai-agency/roi-calculator,plugins/ai-agency/roi-calculator/.claude-plugin/plugin.json,ai-agency,1,0,0,0,1,0,1,14
5,plugins/ai-agency/sow-generator,plugins/ai-agency/sow-generator/.claude-plugin/plugin.json,ai-agency,1,0,0,0,1,0,1,14
6,plugins/ai-agency/zapier-zap-builder,plugins/ai-agency/zapier-zap-builder/.claude-plugin/plugin.json,ai-agency,1,0,0,0,1,0,1,14
7,plugins/ai-ml/ai-ethics-validator,plugins/ai-ml/ai-ethics-validator/.claude-plugin/plugin.json,ai-ml,1,0,0,0,1,0,1,14
8,plugins/ai-ml/ai-sdk-agents,plugins/ai-ml/ai-sdk-agents/.claude-plugin/plugin.json,ai-ml,1,0,0,0,1,1,1,20
9,plugins/ai-ml/anomaly-detection-system,plugins/ai-ml/anomaly-detection-system/.claude-plugin/plugin.json,ai-ml,1,0,0,0,1,0,1,11
10,plugins/ai-ml/automl-pipeline-builder,plugins/ai-ml/automl-pipeline-builder/.claude-plugin/plugin.json,ai-ml,1,0,0,0,1,0,1,15
11,plugins/ai-ml/classification-model-builder,plugins/ai-ml/classification-model-builder/.claude-plugin/plugin.json,ai-ml,1,0,0,0,1,0,1,9
12,plugins/ai-ml/clustering-algorithm-runner,plugins/ai-ml/clustering-algorithm-runner/.claude-plugin/plugin.json,ai-ml,1,0,0,0,1,0,1,11
13,plugins/ai-ml/computer-vision-processor,plugins/ai-ml/computer-vision-processor/.claude-plugin/plugin.json,ai-ml,1,0,0,0,1,0,1,9
14,plugins/ai-ml/data-preprocessing-pipeline,plugins/ai-ml/data-preprocessing-pipeline/.claude-plugin/plugin.json,ai-ml,1,0,0,0,1,0,1,13
15,plugins/ai-ml/data-visualization-creator,plugins/ai-ml/data-visualization-creator/.claude-plugin/plugin.json,ai-ml,1,0,0,0,1,0,1,9
16,plugins/ai-ml/dataset-splitter,plugins/ai-ml/dataset-splitter/.claude-plugin/plugin.json,ai-ml,1,0,0,0,1,0,1,11
17,plugins/ai-ml/deep-learning-optimizer,plugins/ai-ml/deep-learning-optimizer/.claude-plugin/plugin.json,ai-ml,1,0,0,0,1,0,1,10
18,plugins/ai-ml/experiment-tracking-setup,plugins/ai-ml/experiment-tracking-setup/.claude-plugin/plugin.json,ai-ml,1,0,0,0,1,0,1,8
19,plugins/ai-ml/feature-engineering-toolkit,plugins/ai-ml/feature-engineering-toolkit/.claude-plugin/plugin.json,ai-ml,1,0,0,0,1,0,1,12
20,plugins/ai-ml/hyperparameter-tuner,plugins/ai-ml/hyperparameter-tuner/.claude-plugin/plugin.json,ai-ml,1,0,0,0,1,0,1,10
21,plugins/ai-ml/jeremy-adk-orchestrator,plugins/ai-ml/jeremy-adk-orchestrator/.claude-plugin/plugin.json,ai-ml,1,0,0,0,0,1,1,19
22,plugins/ai-ml/jeremy-adk-software-engineer,plugins/ai-ml/jeremy-adk-software-engineer/.claude-plugin/plugin.json,ai-ml,1,0,0,0,0,0,1,6
23,plugins/ai-ml/jeremy-gcp-starter-examples,plugins/ai-ml/jeremy-gcp-starter-examples/.claude-plugin/plugin.json,ai-ml,1,0,0,0,0,1,1,12
24,plugins/ai-ml/jeremy-genkit-pro,plugins/ai-ml/jeremy-genkit-pro/.claude-plugin/plugin.json,ai-ml,1,0,0,0,1,1,1,12
25,plugins/ai-ml/jeremy-vertex-engine,plugins/ai-ml/jeremy-vertex-engine/.claude-plugin/plugin.json,ai-ml,1,0,0,0,0,1,1,12
26,plugins/ai-ml/jeremy-vertex-validator,plugins/ai-ml/jeremy-vertex-validator/.claude-plugin/plugin.json,ai-ml,1,0,0,0,0,0,1,17
27,plugins/ai-ml/ml-model-trainer,plugins/ai-ml/ml-model-trainer/.claude-plugin/plugin.json,ai-ml,1,0,0,0,1,0,1,11
28,plugins/ai-ml/model-deployment-helper,plugins/ai-ml/model-deployment-helper/.claude-plugin/plugin.json,ai-ml,1,0,0,0,1,0,1,8
29,plugins/ai-ml/model-evaluation-suite,plugins/ai-ml/model-evaluation-suite/.claude-plugin/plugin.json,ai-ml,1,0,0,0,1,0,1,9
30,plugins/ai-ml/model-explainability-tool,plugins/ai-ml/model-explainability-tool/.claude-plugin/plugin.json,ai-ml,1,0,0,0,1,0,1,11
31,plugins/ai-ml/model-versioning-tracker,plugins/ai-ml/model-versioning-tracker/.claude-plugin/plugin.json,ai-ml,1,0,0,0,1,0,1,12
32,plugins/ai-ml/neural-network-builder,plugins/ai-ml/neural-network-builder/.claude-plugin/plugin.json,ai-ml,1,0,0,0,1,0,1,8
33,plugins/ai-ml/nlp-text-analyzer,plugins/ai-ml/nlp-text-analyzer/.claude-plugin/plugin.json,ai-ml,1,0,0,0,1,0,1,12
34,plugins/ai-ml/ollama-local-ai,plugins/ai-ml/ollama-local-ai/.claude-plugin/plugin.json,ai-ml,1,0,0,0,1,0,1,8
35,plugins/ai-ml/recommendation-engine,plugins/ai-ml/recommendation-engine/.claude-plugin/plugin.json,ai-ml,1,0,0,0,1,0,1,9
36,plugins/ai-ml/regression-analysis-tool,plugins/ai-ml/regression-analysis-tool/.claude-plugin/plugin.json,ai-ml,1,0,0,0,1,0,1,13
37,plugins/ai-ml/sentiment-analysis-tool,plugins/ai-ml/sentiment-analysis-tool/.claude-plugin/plugin.json,ai-ml,1,0,0,0,1,0,1,10
38,plugins/ai-ml/time-series-forecaster,plugins/ai-ml/time-series-forecaster/.claude-plugin/plugin.json,ai-ml,1,0,0,0,1,0,1,11
39,plugins/ai-ml/transfer-learning-adapter,plugins/ai-ml/transfer-learning-adapter/.claude-plugin/plugin.json,ai-ml,1,0,0,0,1,0,1,11
40,plugins/api-development/api-authentication-builder,plugins/api-development/api-authentication-builder/.claude-plugin/plugin.json,api-development,1,0,0,0,1,0,1,22
41,plugins/api-development/api-batch-processor,plugins/api-development/api-batch-processor/.claude-plugin/plugin.json,api-development,1,0,0,0,1,0,1,21
42,plugins/api-development/api-cache-manager,plugins/api-development/api-cache-manager/.claude-plugin/plugin.json,api-development,1,0,0,0,1,0,1,21
43,plugins/api-development/api-contract-generator,plugins/api-development/api-contract-generator/.claude-plugin/plugin.json,api-development,1,0,0,0,1,0,1,21
44,plugins/api-development/api-documentation-generator,plugins/api-development/api-documentation-generator/.claude-plugin/plugin.json,api-development,1,0,0,0,1,0,1,21
45,plugins/api-development/api-error-handler,plugins/api-development/api-error-handler/.claude-plugin/plugin.json,api-development,1,0,0,0,1,0,1,20
46,plugins/api-development/api-event-emitter,plugins/api-development/api-event-emitter/.claude-plugin/plugin.json,api-development,1,0,0,0,1,0,1,21
47,plugins/api-development/api-gateway-builder,plugins/api-development/api-gateway-builder/.claude-plugin/plugin.json,api-development,1,0,0,0,1,0,1,20
48,plugins/api-development/api-load-tester,plugins/api-development/api-load-tester/.claude-plugin/plugin.json,api-development,1,0,0,0,1,0,1,22
49,plugins/api-development/api-migration-tool,plugins/api-development/api-migration-tool/.claude-plugin/plugin.json,api-development,1,0,0,0,1,0,1,22
50,plugins/api-development/api-mock-server,plugins/api-development/api-mock-server/.claude-plugin/plugin.json,api-development,1,0,0,0,1,0,1,20
51,plugins/api-development/api-monitoring-dashboard,plugins/api-development/api-monitoring-dashboard/.claude-plugin/plugin.json,api-development,1,0,0,0,1,0,1,21
52,plugins/api-development/api-rate-limiter,plugins/api-development/api-rate-limiter/.claude-plugin/plugin.json,api-development,1,0,0,0,1,0,1,20
53,plugins/api-development/api-request-logger,plugins/api-development/api-request-logger/.claude-plugin/plugin.json,api-development,1,0,0,0,1,0,1,20
54,plugins/api-development/api-response-validator,plugins/api-development/api-response-validator/.claude-plugin/plugin.json,api-development,1,0,0,0,1,0,1,20
55,plugins/api-development/api-schema-validator,plugins/api-development/api-schema-validator/.claude-plugin/plugin.json,api-development,1,0,0,0,1,0,1,19
56,plugins/api-development/api-sdk-generator,plugins/api-development/api-sdk-generator/.claude-plugin/plugin.json,api-development,1,0,0,0,1,0,1,18
57,plugins/api-development/api-security-scanner,plugins/api-development/api-security-scanner/.claude-plugin/plugin.json,api-development,1,0,0,0,1,0,1,21
58,plugins/api-development/api-throttling-manager,plugins/api-development/api-throttling-manager/.claude-plugin/plugin.json,api-development,1,0,0,0,1,0,1,21
59,plugins/api-development/api-versioning-manager,plugins/api-development/api-versioning-manager/.claude-plugin/plugin.json,api-development,1,0,0,0,1,0,1,22
60,plugins/api-development/graphql-server-builder,plugins/api-development/graphql-server-builder/.claude-plugin/plugin.json,api-development,1,0,0,0,1,0,1,18
61,plugins/api-development/grpc-service-generator,plugins/api-development/grpc-service-generator/.claude-plugin/plugin.json,api-development,1,0,0,0,1,0,1,23
62,plugins/api-development/rest-api-generator,plugins/api-development/rest-api-generator/.claude-plugin/plugin.json,api-development,1,0,0,0,1,0,1,21
63,plugins/api-development/webhook-handler-creator,plugins/api-development/webhook-handler-creator/.claude-plugin/plugin.json,api-development,1,0,0,0,1,0,1,21
64,plugins/api-development/websocket-server-builder,plugins/api-development/websocket-server-builder/.claude-plugin/plugin.json,api-development,1,0,0,0,1,0,1,21
65,plugins/automation/mattyp-changelog,plugins/automation/mattyp-changelog/.claude-plugin/plugin.json,automation,1,0,1,0,1,0,1,20
66,plugins/business-tools/brand-strategy-framework,plugins/business-tools/brand-strategy-framework/.claude-plugin/plugin.json,business-tools,1,0,0,0,0,0,1,3
67,plugins/business-tools/excel-analyst-pro,plugins/business-tools/excel-analyst-pro/.claude-plugin/plugin.json,business-tools,1,0,0,0,0,0,1,31
68,plugins/business-tools/executive-assistant-skills,plugins/business-tools/executive-assistant-skills/.claude-plugin/plugin.json,business-tools,1,0,0,0,0,0,1,7
69,plugins/business-tools/wondelai-blue-ocean-strategy,plugins/business-tools/wondelai-blue-ocean-strategy/.claude-plugin/plugin.json,business-tools,1,0,0,0,0,0,1,11
70,plugins/business-tools/wondelai-contagious,plugins/business-tools/wondelai-contagious/.claude-plugin/plugin.json,business-tools,1,0,0,0,0,0,1,13
71,plugins/business-tools/wondelai-cro-methodology,plugins/business-tools/wondelai-cro-methodology/.claude-plugin/plugin.json,business-tools,1,0,0,0,0,0,1,10
72,plugins/business-tools/wondelai-crossing-the-chasm,plugins/business-tools/wondelai-crossing-the-chasm/.claude-plugin/plugin.json,business-tools,1,0,0,0,0,0,1,12
73,plugins/business-tools/wondelai-drive-motivation,plugins/business-tools/wondelai-drive-motivation/.claude-plugin/plugin.json,business-tools,1,0,0,0,0,0,1,11
74,plugins/business-tools/wondelai-hundred-million-offers,plugins/business-tools/wondelai-hundred-million-offers/.claude-plugin/plugin.json,business-tools,1,0,0,0,0,0,1,14
75,plugins/business-tools/wondelai-influence-psychology,plugins/business-tools/wondelai-influence-psychology/.claude-plugin/plugin.json,business-tools,1,0,0,0,0,0,1,14
76,plugins/business-tools/wondelai-jobs-to-be-done,plugins/business-tools/wondelai-jobs-to-be-done/.claude-plugin/plugin.json,business-tools,1,0,0,0,0,0,1,9
77,plugins/business-tools/wondelai-made-to-stick,plugins/business-tools/wondelai-made-to-stick/.claude-plugin/plugin.json,business-tools,1,0,0,0,0,0,1,13
78,plugins/business-tools/wondelai-negotiation,plugins/business-tools/wondelai-negotiation/.claude-plugin/plugin.json,business-tools,1,0,0,0,0,0,1,5
79,plugins/business-tools/wondelai-obviously-awesome,plugins/business-tools/wondelai-obviously-awesome/.claude-plugin/plugin.json,business-tools,1,0,0,0,0,0,1,12
80,plugins/business-tools/wondelai-one-page-marketing,plugins/business-tools/wondelai-one-page-marketing/.claude-plugin/plugin.json,business-tools,1,0,0,0,0,0,1,14
81,plugins/business-tools/wondelai-predictable-revenue,plugins/business-tools/wondelai-predictable-revenue/.claude-plugin/plugin.json,business-tools,1,0,0,0,0,0,1,12
82,plugins/business-tools/wondelai-scorecard-marketing,plugins/business-tools/wondelai-scorecard-marketing/.claude-plugin/plugin.json,business-tools,1,0,0,0,0,0,1,8
83,plugins/business-tools/wondelai-storybrand-messaging,plugins/business-tools/wondelai-storybrand-messaging/.claude-plugin/plugin.json,business-tools,1,0,0,0,0,0,1,10
84,plugins/business-tools/wondelai-traction-eos,plugins/business-tools/wondelai-traction-eos/.claude-plugin/plugin.json,business-tools,1,0,0,0,0,0,1,12
85,plugins/community/b12-claude-plugin,plugins/community/b12-claude-plugin/.claude-plugin/plugin.json,community,1,0,0,0,0,0,1,4
86,plugins/community/claude-never-forgets,plugins/community/claude-never-forgets/.claude-plugin/plugin.json,community,1,0,0,0,1,0,1,16
87,plugins/community/claude-reflect,plugins/community/claude-reflect/.claude-plugin/plugin.json,community,1,0,0,0,1,0,0,13
88,plugins/community/fairdb-ops-manager,plugins/community/fairdb-ops-manager/.claude-plugin/plugin.json,community,1,0,0,0,1,1,1,25
89,plugins/community/gastown,plugins/community/gastown/.claude-plugin/plugin.json,community,1,0,0,0,0,0,1,11
90,plugins/community/geepers-agents,plugins/community/geepers-agents/.claude-plugin/plugin.json,community,1,0,0,0,0,1,0,106
91,plugins/community/jeremy-firebase,plugins/community/jeremy-firebase/.claude-plugin/plugin.json,community,1,0,0,0,0,0,1,18
92,plugins/community/jeremy-firestore,plugins/community/jeremy-firestore/.claude-plugin/plugin.json,community,1,0,0,0,1,1,1,9
93,plugins/community/sprint,plugins/community/sprint/.claude-plugin/plugin.json,community,1,0,0,0,1,1,1,37
94,plugins/community/zai-cli,plugins/community/zai-cli/.claude-plugin/plugin.json,community,1,0,0,0,0,0,1,6
95,plugins/crypto/arbitrage-opportunity-finder,plugins/crypto/arbitrage-opportunity-finder/.claude-plugin/plugin.json,crypto,1,0,0,0,1,0,1,27
96,plugins/crypto/blockchain-explorer-cli,plugins/crypto/blockchain-explorer-cli/.claude-plugin/plugin.json,crypto,1,0,0,0,1,0,1,26
97,plugins/crypto/cross-chain-bridge-monitor,plugins/crypto/cross-chain-bridge-monitor/.claude-plugin/plugin.json,crypto,1,0,0,0,0,1,1,27
98,plugins/crypto/crypto-derivatives-tracker,plugins/crypto/crypto-derivatives-tracker/.claude-plugin/plugin.json,crypto,1,0,0,0,0,1,1,28
99,plugins/crypto/crypto-news-aggregator,plugins/crypto/crypto-news-aggregator/.claude-plugin/plugin.json,crypto,1,0,0,0,1,0,1,27
100,plugins/crypto/crypto-portfolio-tracker,plugins/crypto/crypto-portfolio-tracker/.claude-plugin/plugin.json,crypto,1,0,0,0,1,0,1,27
101,plugins/crypto/crypto-signal-generator,plugins/crypto/crypto-signal-generator/.claude-plugin/plugin.json,crypto,1,0,0,0,1,0,1,23
102,plugins/crypto/crypto-tax-calculator,plugins/crypto/crypto-tax-calculator/.claude-plugin/plugin.json,crypto,1,0,0,0,1,0,1,27
103,plugins/crypto/defi-yield-optimizer,plugins/crypto/defi-yield-optimizer/.claude-plugin/plugin.json,crypto,1,0,0,0,1,0,1,26
104,plugins/crypto/dex-aggregator-router,plugins/crypto/dex-aggregator-router/.claude-plugin/plugin.json,crypto,1,0,0,0,1,0,1,27
105,plugins/crypto/flash-loan-simulator,plugins/crypto/flash-loan-simulator/.claude-plugin/plugin.json,crypto,1,0,0,0,0,1,1,17
106,plugins/crypto/gas-fee-optimizer,plugins/crypto/gas-fee-optimizer/.claude-plugin/plugin.json,crypto,1,0,0,0,1,0,1,26
107,plugins/crypto/liquidity-pool-analyzer,plugins/crypto/liquidity-pool-analyzer/.claude-plugin/plugin.json,crypto,1,0,0,0,1,0,1,26
108,plugins/crypto/market-movers-scanner,plugins/crypto/market-movers-scanner/.claude-plugin/plugin.json,crypto,1,0,0,0,1,0,1,26
109,plugins/crypto/market-price-tracker,plugins/crypto/market-price-tracker/.claude-plugin/plugin.json,crypto,1,0,0,0,1,0,1,26
110,plugins/crypto/market-sentiment-analyzer,plugins/crypto/market-sentiment-analyzer/.claude-plugin/plugin.json,crypto,1,0,0,0,1,0,1,26
111,plugins/crypto/mempool-analyzer,plugins/crypto/mempool-analyzer/.claude-plugin/plugin.json,crypto,1,0,0,0,0,1,1,27
112,plugins/crypto/nft-rarity-analyzer,plugins/crypto/nft-rarity-analyzer/.claude-plugin/plugin.json,crypto,1,0,0,0,1,0,1,26
113,plugins/crypto/on-chain-analytics,plugins/crypto/on-chain-analytics/.claude-plugin/plugin.json,crypto,1,0,0,0,1,0,1,25
114,plugins/crypto/options-flow-analyzer,plugins/crypto/options-flow-analyzer/.claude-plugin/plugin.json,crypto,1,0,0,0,1,0,1,18
115,plugins/crypto/staking-rewards-optimizer,plugins/crypto/staking-rewards-optimizer/.claude-plugin/plugin.json,crypto,1,0,0,0,1,0,1,26
116,plugins/crypto/token-launch-tracker,plugins/crypto/token-launch-tracker/.claude-plugin/plugin.json,crypto,1,0,0,0,0,1,1,26
117,plugins/crypto/trading-strategy-backtester,plugins/crypto/trading-strategy-backtester/.claude-plugin/plugin.json,crypto,1,0,0,0,1,0,1,40
118,plugins/crypto/wallet-portfolio-tracker,plugins/crypto/wallet-portfolio-tracker/.claude-plugin/plugin.json,crypto,1,0,0,0,1,0,1,14
119,plugins/crypto/wallet-security-auditor,plugins/crypto/wallet-security-auditor/.claude-plugin/plugin.json,crypto,1,0,0,0,0,0,1,14
120,plugins/crypto/whale-alert-monitor,plugins/crypto/whale-alert-monitor/.claude-plugin/plugin.json,crypto,1,0,0,0,1,0,1,26
121,plugins/database/data-seeder-generator,plugins/database/data-seeder-generator/.claude-plugin/plugin.json,database,1,0,0,0,1,0,1,8
122,plugins/database/data-validation-engine,plugins/database/data-validation-engine/.claude-plugin/plugin.json,database,1,0,0,0,0,1,1,10
123,plugins/database/database-archival-system,plugins/database/database-archival-system/.claude-plugin/plugin.json,database,1,0,0,0,1,0,1,9
124,plugins/database/database-audit-logger,plugins/database/database-audit-logger/.claude-plugin/plugin.json,database,1,0,0,0,1,0,1,12
125,plugins/database/database-backup-automator,plugins/database/database-backup-automator/.claude-plugin/plugin.json,database,1,0,0,0,1,0,1,20
126,plugins/database/database-cache-layer,plugins/database/database-cache-layer/.claude-plugin/plugin.json,database,1,0,0,0,1,0,1,9
127,plugins/database/database-connection-pooler,plugins/database/database-connection-pooler/.claude-plugin/plugin.json,database,1,0,0,0,1,0,1,8
128,plugins/database/database-deadlock-detector,plugins/database/database-deadlock-detector/.claude-plugin/plugin.json,database,1,0,0,0,1,0,1,9
129,plugins/database/database-diff-tool,plugins/database/database-diff-tool/.claude-plugin/plugin.json,database,1,0,0,0,1,0,1,9
130,plugins/database/database-documentation-gen,plugins/database/database-documentation-gen/.claude-plugin/plugin.json,database,1,0,0,0,1,0,1,11
131,plugins/database/database-health-monitor,plugins/database/database-health-monitor/.claude-plugin/plugin.json,database,1,0,0,0,1,0,1,8
132,plugins/database/database-index-advisor,plugins/database/database-index-advisor/.claude-plugin/plugin.json,database,1,0,0,0,1,0,1,9
133,plugins/database/database-migration-manager,plugins/database/database-migration-manager/.claude-plugin/plugin.json,database,1,0,0,0,1,0,1,8
134,plugins/database/database-partition-manager,plugins/database/database-partition-manager/.claude-plugin/plugin.json,database,1,0,0,0,1,0,1,8
135,plugins/database/database-recovery-manager,plugins/database/database-recovery-manager/.claude-plugin/plugin.json,database,1,0,0,0,1,0,1,12
136,plugins/database/database-replication-manager,plugins/database/database-replication-manager/.claude-plugin/plugin.json,database,1,0,0,0,1,0,1,10
137,plugins/database/database-schema-designer,plugins/database/database-schema-designer/.claude-plugin/plugin.json,database,1,0,0,0,1,0,1,8
138,plugins/database/database-security-scanner,plugins/database/database-security-scanner/.claude-plugin/plugin.json,database,1,0,0,0,1,0,1,8
139,plugins/database/database-sharding-manager,plugins/database/database-sharding-manager/.claude-plugin/plugin.json,database,1,0,0,0,1,0,1,9
140,plugins/database/database-transaction-monitor,plugins/database/database-transaction-monitor/.claude-plugin/plugin.json,database,1,0,0,0,1,0,1,9
141,plugins/database/nosql-data-modeler,plugins/database/nosql-data-modeler/.claude-plugin/plugin.json,database,1,0,0,0,0,1,1,11
142,plugins/database/orm-code-generator,plugins/database/orm-code-generator/.claude-plugin/plugin.json,database,1,0,0,0,0,1,1,10
143,plugins/database/query-performance-analyzer,plugins/database/query-performance-analyzer/.claude-plugin/plugin.json,database,1,0,0,0,0,1,1,8
144,plugins/database/sql-query-optimizer,plugins/database/sql-query-optimizer/.claude-plugin/plugin.json,database,1,0,0,0,1,0,1,10
145,plugins/database/stored-procedure-generator,plugins/database/stored-procedure-generator/.claude-plugin/plugin.json,database,1,0,0,0,1,0,1,17
146,plugins/design/wondelai-design-everyday-things,plugins/design/wondelai-design-everyday-things/.claude-plugin/plugin.json,design,1,0,0,0,0,0,1,14
147,plugins/design/wondelai-hooked-ux,plugins/design/wondelai-hooked-ux/.claude-plugin/plugin.json,design,1,0,0,0,0,0,1,11
148,plugins/design/wondelai-ios-hig-design,plugins/design/wondelai-ios-hig-design/.claude-plugin/plugin.json,design,1,0,0,0,0,0,1,15
149,plugins/design/wondelai-refactoring-ui,plugins/design/wondelai-refactoring-ui/.claude-plugin/plugin.json,design,1,0,0,0,0,0,1,9
150,plugins/design/wondelai-top-design,plugins/design/wondelai-top-design/.claude-plugin/plugin.json,design,1,0,0,0,0,0,1,9
151,plugins/design/wondelai-ux-heuristics,plugins/design/wondelai-ux-heuristics/.claude-plugin/plugin.json,design,1,0,0,0,0,0,1,11
152,plugins/design/wondelai-web-typography,plugins/design/wondelai-web-typography/.claude-plugin/plugin.json,design,1,0,0,0,0,0,1,9
153,plugins/devops/ansible-playbook-creator,plugins/devops/ansible-playbook-creator/.claude-plugin/plugin.json,devops,1,0,0,0,1,0,1,13
154,plugins/devops/auto-scaling-configurator,plugins/devops/auto-scaling-configurator/.claude-plugin/plugin.json,devops,1,0,0,0,1,0,1,12
155,plugins/devops/backup-strategy-implementor,plugins/devops/backup-strategy-implementor/.claude-plugin/plugin.json,devops,1,0,0,0,1,0,1,8
156,plugins/devops/ci-cd-pipeline-builder,plugins/devops/ci-cd-pipeline-builder/.claude-plugin/plugin.json,devops,1,0,0,0,1,0,1,8
157,plugins/devops/cloud-cost-optimizer,plugins/devops/cloud-cost-optimizer/.claude-plugin/plugin.json,devops,1,0,0,0,1,0,1,13
158,plugins/devops/compliance-checker,plugins/devops/compliance-checker/.claude-plugin/plugin.json,devops,1,0,0,0,1,0,1,12
159,plugins/devops/container-registry-manager,plugins/devops/container-registry-manager/.claude-plugin/plugin.json,devops,1,0,0,0,1,0,1,9
160,plugins/devops/container-security-scanner,plugins/devops/container-security-scanner/.claude-plugin/plugin.json,devops,1,0,0,0,1,0,1,10
161,plugins/devops/deployment-pipeline-orchestrator,plugins/devops/deployment-pipeline-orchestrator/.claude-plugin/plugin.json,devops,1,0,0,0,1,0,1,11
162,plugins/devops/deployment-rollback-manager,plugins/devops/deployment-rollback-manager/.claude-plugin/plugin.json,devops,1,0,0,0,1,0,1,14
163,plugins/devops/disaster-recovery-planner,plugins/devops/disaster-recovery-planner/.claude-plugin/plugin.json,devops,1,0,0,0,1,0,1,8
164,plugins/devops/docker-compose-generator,plugins/devops/docker-compose-generator/.claude-plugin/plugin.json,devops,1,0,0,0,1,0,1,13
165,plugins/devops/environment-config-manager,plugins/devops/environment-config-manager/.claude-plugin/plugin.json,devops,1,0,0,0,1,0,1,9
166,plugins/devops/fairdb-operations-kit,plugins/devops/fairdb-operations-kit/.claude-plugin/plugin.json,devops,1,0,0,0,1,1,1,22
167,plugins/devops/gh-dash,plugins/devops/gh-dash/.claude-plugin/plugin.json,devops,1,0,0,0,0,0,1,3
168,plugins/devops/git-commit-smart,plugins/devops/git-commit-smart/.claude-plugin/plugin.json,devops,1,0,0,0,1,0,1,11
169,plugins/devops/gitops-workflow-builder,plugins/devops/gitops-workflow-builder/.claude-plugin/plugin.json,devops,1,0,0,0,1,0,1,8
170,plugins/devops/helm-chart-generator,plugins/devops/helm-chart-generator/.claude-plugin/plugin.json,devops,1,0,0,0,1,0,1,10
171,plugins/devops/infrastructure-as-code-generator,plugins/devops/infrastructure-as-code-generator/.claude-plugin/plugin.json,devops,1,0,0,0,1,0,1,10
172,plugins/devops/infrastructure-drift-detector,plugins/devops/infrastructure-drift-detector/.claude-plugin/plugin.json,devops,1,0,0,0,1,0,1,9
173,plugins/devops/jeremy-adk-terraform,plugins/devops/jeremy-adk-terraform/.claude-plugin/plugin.json,devops,1,0,0,0,0,0,1,8
174,plugins/devops/jeremy-genkit-terraform,plugins/devops/jeremy-genkit-terraform/.claude-plugin/plugin.json,devops,1,0,0,0,0,0,1,8
175,plugins/devops/jeremy-github-actions-gcp,plugins/devops/jeremy-github-actions-gcp/.claude-plugin/plugin.json,devops,1,0,0,0,0,1,1,11
176,plugins/devops/jeremy-vertex-terraform,plugins/devops/jeremy-vertex-terraform/.claude-plugin/plugin.json,devops,1,0,0,0,0,0,1,8
177,plugins/devops/kubernetes-deployment-creator,plugins/devops/kubernetes-deployment-creator/.claude-plugin/plugin.json,devops,1,0,0,0,1,0,1,29
178,plugins/devops/load-balancer-configurator,plugins/devops/load-balancer-configurator/.claude-plugin/plugin.json,devops,1,0,0,0,1,0,1,13
179,plugins/devops/log-aggregation-setup,plugins/devops/log-aggregation-setup/.claude-plugin/plugin.json,devops,1,0,0,0,1,0,1,17
180,plugins/devops/monitoring-stack-deployer,plugins/devops/monitoring-stack-deployer/.claude-plugin/plugin.json,devops,1,0,0,0,1,0,1,14
181,plugins/devops/network-policy-manager,plugins/devops/network-policy-manager/.claude-plugin/plugin.json,devops,1,0,0,0,1,0,1,10
182,plugins/devops/secrets-manager-integrator,plugins/devops/secrets-manager-integrator/.claude-plugin/plugin.json,devops,1,0,0,0,1,0,1,12
183,plugins/devops/service-mesh-configurator,plugins/devops/service-mesh-configurator/.claude-plugin/plugin.json,devops,1,0,0,0,1,0,1,16
184,plugins/devops/terraform-module-builder,plugins/devops/terraform-module-builder/.claude-plugin/plugin.json,devops,1,0,0,0,1,0,1,9
185,plugins/examples/formatter,plugins/examples/formatter/.claude-plugin/plugin.json,examples,1,0,0,0,1,0,1,25
186,plugins/examples/hello-world,plugins/examples/hello-world/.claude-plugin/plugin.json,examples,1,0,0,0,1,0,1,16
187,plugins/examples/jeremy-plugin-tool,plugins/examples/jeremy-plugin-tool/.claude-plugin/plugin.json,examples,1,0,0,0,1,0,1,53
188,plugins/examples/pi-pathfinder,plugins/examples/pi-pathfinder/.claude-plugin/plugin.json,examples,1,0,0,0,0,0,1,15
189,plugins/examples/security-agent,plugins/examples/security-agent/.claude-plugin/plugin.json,examples,1,0,0,0,0,1,1,12
190,plugins/finance/openbb-terminal,plugins/finance/openbb-terminal/.claude-plugin/plugin.json,finance,1,0,0,0,1,1,1,23
191,plugins/jeremy-google-adk,plugins/jeremy-google-adk/.claude-plugin/plugin.json,jeremy-google-adk,1,0,0,0,0,0,1,6
192,plugins/jeremy-vertex-ai,plugins/jeremy-vertex-ai/.claude-plugin/plugin.json,jeremy-vertex-ai,1,0,0,0,0,0,1,5
193,plugins/mcp/ai-experiment-logger,plugins/mcp/ai-experiment-logger/.claude-plugin/plugin.json,mcp,1,1,0,1,1,0,1,31
194,plugins/mcp/conversational-api-debugger,plugins/mcp/conversational-api-debugger/.claude-plugin/plugin.json,mcp,1,1,1,0,1,1,0,12
195,plugins/mcp/design-to-code,plugins/mcp/design-to-code/.claude-plugin/plugin.json,mcp,1,1,1,0,0,0,1,18
196,plugins/mcp/domain-memory-agent,plugins/mcp/domain-memory-agent/.claude-plugin/plugin.json,mcp,1,1,1,0,0,0,1,23
197,plugins/mcp/lumera-agent-memory,plugins/mcp/lumera-agent-memory/.claude-plugin/plugin.json,mcp,1,1,0,1,0,0,0,28
198,plugins/mcp/pr-to-spec,plugins/mcp/pr-to-spec/.claude-plugin/plugin.json,mcp,1,1,1,1,0,0,0,116
199,plugins/mcp/project-health-auditor,plugins/mcp/project-health-auditor/.claude-plugin/plugin.json,mcp,1,1,1,0,1,1,1,31
200,plugins/mcp/slack-channel,plugins/mcp/slack-channel/.claude-plugin/plugin.json,mcp,1,1,1,0,0,0,1,12
201,plugins/mcp/workflow-orchestrator,plugins/mcp/workflow-orchestrator/.claude-plugin/plugin.json,mcp,1,1,1,0,0,0,1,19
202,plugins/packages/ai-ml-engineering-pack,plugins/packages/ai-ml-engineering-pack/.claude-plugin/plugin.json,packages,1,0,0,0,0,0,1,26
203,plugins/packages/creator-studio-pack,plugins/packages/creator-studio-pack/.claude-plugin/plugin.json,packages,1,0,0,0,0,0,1,48
204,plugins/packages/devops-automation-pack,plugins/packages/devops-automation-pack/.claude-plugin/plugin.json,packages,1,0,0,0,0,0,1,41
205,plugins/packages/fullstack-starter-pack,plugins/packages/fullstack-starter-pack/.claude-plugin/plugin.json,packages,1,0,0,0,1,1,1,48
206,plugins/packages/security-pro-pack,plugins/packages/security-pro-pack/.claude-plugin/plugin.json,packages,1,0,0,0,0,0,1,25
207,plugins/performance/alerting-rule-creator,plugins/performance/alerting-rule-creator/.claude-plugin/plugin.json,performance,1,0,0,0,1,0,1,11
208,plugins/performance/apm-dashboard-creator,plugins/performance/apm-dashboard-creator/.claude-plugin/plugin.json,performance,1,0,0,0,1,0,1,10
209,plugins/performance/application-profiler,plugins/performance/application-profiler/.claude-plugin/plugin.json,performance,1,0,0,0,1,0,1,10
210,plugins/performance/bottleneck-detector,plugins/performance/bottleneck-detector/.claude-plugin/plugin.json,performance,1,0,0,0,1,0,1,12
211,plugins/performance/cache-performance-optimizer,plugins/performance/cache-performance-optimizer/.claude-plugin/plugin.json,performance,1,0,0,0,1,0,1,8
212,plugins/performance/capacity-planning-analyzer,plugins/performance/capacity-planning-analyzer/.claude-plugin/plugin.json,performance,1,0,0,0,1,0,1,9
213,plugins/performance/cpu-usage-monitor,plugins/performance/cpu-usage-monitor/.claude-plugin/plugin.json,performance,1,0,0,0,1,0,1,10
214,plugins/performance/database-query-profiler,plugins/performance/database-query-profiler/.claude-plugin/plugin.json,performance,1,0,0,0,1,0,1,14
215,plugins/performance/distributed-tracing-setup,plugins/performance/distributed-tracing-setup/.claude-plugin/plugin.json,performance,1,0,0,0,1,0,1,9
216,plugins/performance/error-rate-monitor,plugins/performance/error-rate-monitor/.claude-plugin/plugin.json,performance,1,0,0,0,1,0,1,10
217,plugins/performance/infrastructure-metrics-collector,plugins/performance/infrastructure-metrics-collector/.claude-plugin/plugin.json,performance,1,0,0,0,1,0,1,8
218,plugins/performance/load-test-runner,plugins/performance/load-test-runner/.claude-plugin/plugin.json,performance,1,0,0,0,1,0,1,8
219,plugins/performance/log-analysis-tool,plugins/performance/log-analysis-tool/.claude-plugin/plugin.json,performance,1,0,0,0,1,0,1,10
220,plugins/performance/memory-leak-detector,plugins/performance/memory-leak-detector/.claude-plugin/plugin.json,performance,1,0,0,0,1,0,1,11
221,plugins/performance/metrics-aggregator,plugins/performance/metrics-aggregator/.claude-plugin/plugin.json,performance,1,0,0,0,1,0,1,8
222,plugins/performance/network-latency-analyzer,plugins/performance/network-latency-analyzer/.claude-plugin/plugin.json,performance,1,0,0,0,1,0,1,9
223,plugins/performance/performance-budget-validator,plugins/performance/performance-budget-validator/.claude-plugin/plugin.json,performance,1,0,0,0,1,0,1,11
224,plugins/performance/performance-optimization-advisor,plugins/performance/performance-optimization-advisor/.claude-plugin/plugin.json,performance,1,0,0,0,1,0,1,8
225,plugins/performance/performance-regression-detector,plugins/performance/performance-regression-detector/.claude-plugin/plugin.json,performance,1,0,0,0,1,0,1,11
226,plugins/performance/real-user-monitoring,plugins/performance/real-user-monitoring/.claude-plugin/plugin.json,performance,1,0,0,0,1,0,1,9
227,plugins/performance/resource-usage-tracker,plugins/performance/resource-usage-tracker/.claude-plugin/plugin.json,performance,1,0,0,0,1,0,1,9
228,plugins/performance/response-time-tracker,plugins/performance/response-time-tracker/.claude-plugin/plugin.json,performance,1,0,0,0,1,0,1,9
229,plugins/performance/sla-sli-tracker,plugins/performance/sla-sli-tracker/.claude-plugin/plugin.json,performance,1,0,0,0,1,0,1,9
230,plugins/performance/synthetic-monitoring-setup,plugins/performance/synthetic-monitoring-setup/.claude-plugin/plugin.json,performance,1,0,0,0,1,0,1,9
231,plugins/performance/throughput-analyzer,plugins/performance/throughput-analyzer/.claude-plugin/plugin.json,performance,1,0,0,0,1,0,1,10
232,plugins/productivity/000-jeremy-content-consistency-validator,plugins/productivity/000-jeremy-content-consistency-validator/.claude-plugin/plugin.json,productivity,1,0,0,0,1,0,1,14
233,plugins/productivity/002-jeremy-yaml-master-agent,plugins/productivity/002-jeremy-yaml-master-agent/.claude-plugin/plugin.json,productivity,1,0,0,0,0,0,1,8
234,plugins/productivity/003-jeremy-vertex-ai-media-master,plugins/productivity/003-jeremy-vertex-ai-media-master/.claude-plugin/plugin.json,productivity,1,0,0,0,1,0,1,12
235,plugins/productivity/004-jeremy-google-cloud-agent-sdk,plugins/productivity/004-jeremy-google-cloud-agent-sdk/.claude-plugin/plugin.json,productivity,1,0,0,0,1,0,1,9
236,plugins/productivity/agent-context-manager,plugins/productivity/agent-context-manager/.claude-plugin/plugin.json,productivity,1,0,0,0,1,0,1,11
237,plugins/productivity/ai-commit-gen,plugins/productivity/ai-commit-gen/.claude-plugin/plugin.json,productivity,1,0,0,0,1,0,1,14
238,plugins/productivity/box-cloud-filesystem,plugins/productivity/box-cloud-filesystem/.claude-plugin/plugin.json,productivity,1,0,0,0,0,0,1,9
239,plugins/productivity/claude-memory-kit,plugins/productivity/claude-memory-kit/.claude-plugin/plugin.json,productivity,1,0,0,0,1,0,1,11
240,plugins/productivity/navigating-github,plugins/productivity/navigating-github/.claude-plugin/plugin.json,productivity,1,0,0,0,1,0,1,12
241,plugins/productivity/neurodivergent-visual-org,plugins/productivity/neurodivergent-visual-org/.claude-plugin/plugin.json,productivity,1,0,0,0,0,0,1,4
242,plugins/productivity/overnight-dev,plugins/productivity/overnight-dev/.claude-plugin/plugin.json,productivity,1,0,0,0,1,1,1,19
243,plugins/productivity/pm-ai-partner,plugins/productivity/pm-ai-partner/.claude-plugin/plugin.json,productivity,1,0,0,0,1,0,1,25
244,plugins/productivity/prettier-markdown-hook,plugins/productivity/prettier-markdown-hook/.claude-plugin/plugin.json,productivity,1,0,0,0,0,0,0,6
245,plugins/productivity/travel-assistant,plugins/productivity/travel-assistant/.claude-plugin/plugin.json,productivity,1,0,0,0,1,1,1,27
246,plugins/productivity/vibe-guide,plugins/productivity/vibe-guide/.claude-plugin/plugin.json,productivity,1,0,0,0,1,1,0,15
247,plugins/productivity/wondelai-design-sprint,plugins/productivity/wondelai-design-sprint/.claude-plugin/plugin.json,productivity,1,0,0,0,0,0,1,13
248,plugins/productivity/wondelai-lean-startup,plugins/productivity/wondelai-lean-startup/.claude-plugin/plugin.json,productivity,1,0,0,0,0,0,1,15
249,plugins/productivity/youtube-strategy,plugins/productivity/youtube-strategy/.claude-plugin/plugin.json,productivity,1,0,0,0,1,1,1,17
250,plugins/saas-packs/apollo-pack,plugins/saas-packs/apollo-pack/.claude-plugin/plugin.json,saas-packs,1,1,0,0,0,0,1,51
251,plugins/saas-packs/clay-pack,plugins/saas-packs/clay-pack/.claude-plugin/plugin.json,saas-packs,1,1,0,0,0,0,1,50
252,plugins/saas-packs/clerk-pack,plugins/saas-packs/clerk-pack/.claude-plugin/plugin.json,saas-packs,1,1,0,0,0,0,1,50
253,plugins/saas-packs/coderabbit-pack,plugins/saas-packs/coderabbit-pack/.claude-plugin/plugin.json,saas-packs,1,1,0,0,0,0,1,28
254,plugins/saas-packs/cursor-pack,plugins/saas-packs/cursor-pack/.claude-plugin/plugin.json,saas-packs,1,1,0,0,0,0,1,218
255,plugins/saas-packs/customerio-pack,plugins/saas-packs/customerio-pack/.claude-plugin/plugin.json,saas-packs,1,1,0,0,0,0,1,63
256,plugins/saas-packs/databricks-pack,plugins/saas-packs/databricks-pack/.claude-plugin/plugin.json,saas-packs,1,0,0,0,0,0,1,35
257,plugins/saas-packs/deepgram-pack,plugins/saas-packs/deepgram-pack/.claude-plugin/plugin.json,saas-packs,1,1,0,0,0,0,1,51
258,plugins/saas-packs/documenso-pack,plugins/saas-packs/documenso-pack/.claude-plugin/plugin.json,saas-packs,1,1,0,0,0,0,1,53
259,plugins/saas-packs/evernote-pack,plugins/saas-packs/evernote-pack/.claude-plugin/plugin.json,saas-packs,1,1,0,0,0,0,1,51
260,plugins/saas-packs/exa-pack,plugins/saas-packs/exa-pack/.claude-plugin/plugin.json,saas-packs,1,1,0,0,0,0,1,34
261,plugins/saas-packs/firecrawl-pack,plugins/saas-packs/firecrawl-pack/.claude-plugin/plugin.json,saas-packs,1,1,0,0,0,0,1,34
262,plugins/saas-packs/fireflies-pack,plugins/saas-packs/fireflies-pack/.claude-plugin/plugin.json,saas-packs,1,1,0,0,0,0,1,28
263,plugins/saas-packs/gamma-pack,plugins/saas-packs/gamma-pack/.claude-plugin/plugin.json,saas-packs,1,1,0,0,0,0,1,37
264,plugins/saas-packs/granola-pack,plugins/saas-packs/granola-pack/.claude-plugin/plugin.json,saas-packs,1,1,0,0,0,0,1,45
265,plugins/saas-packs/groq-pack,plugins/saas-packs/groq-pack/.claude-plugin/plugin.json,saas-packs,1,1,0,0,0,0,1,28
266,plugins/saas-packs/guidewire-pack,plugins/saas-packs/guidewire-pack/.claude-plugin/plugin.json,saas-packs,1,1,0,0,0,0,1,52
267,plugins/saas-packs/ideogram-pack,plugins/saas-packs/ideogram-pack/.claude-plugin/plugin.json,saas-packs,1,1,0,0,0,0,1,28
268,plugins/saas-packs/instantly-pack,plugins/saas-packs/instantly-pack/.claude-plugin/plugin.json,saas-packs,1,1,0,0,0,0,1,28
269,plugins/saas-packs/juicebox-pack,plugins/saas-packs/juicebox-pack/.claude-plugin/plugin.json,saas-packs,1,1,0,0,0,0,1,48
270,plugins/saas-packs/klingai-pack,plugins/saas-packs/klingai-pack/.claude-plugin/plugin.json,saas-packs,1,1,0,0,0,0,1,178
271,plugins/saas-packs/langchain-pack,plugins/saas-packs/langchain-pack/.claude-plugin/plugin.json,saas-packs,1,1,0,0,0,0,1,36
272,plugins/saas-packs/langfuse-pack,plugins/saas-packs/langfuse-pack/.claude-plugin/plugin.json,saas-packs,1,0,0,0,0,0,1,37
273,plugins/saas-packs/lindy-pack,plugins/saas-packs/lindy-pack/.claude-plugin/plugin.json,saas-packs,1,1,0,0,0,0,1,62
274,plugins/saas-packs/linear-pack,plugins/saas-packs/linear-pack/.claude-plugin/plugin.json,saas-packs,1,1,0,0,0,0,1,49
275,plugins/saas-packs/lokalise-pack,plugins/saas-packs/lokalise-pack/.claude-plugin/plugin.json,saas-packs,1,1,0,0,0,0,1,49
276,plugins/saas-packs/maintainx-pack,plugins/saas-packs/maintainx-pack/.claude-plugin/plugin.json,saas-packs,1,1,0,0,0,0,1,51
277,plugins/saas-packs/mistral-pack,plugins/saas-packs/mistral-pack/.claude-plugin/plugin.json,saas-packs,1,1,0,0,0,0,1,31
278,plugins/saas-packs/obsidian-pack,plugins/saas-packs/obsidian-pack/.claude-plugin/plugin.json,saas-packs,1,0,0,0,0,0,1,50
279,plugins/saas-packs/openevidence-pack,plugins/saas-packs/openevidence-pack/.claude-plugin/plugin.json,saas-packs,1,1,0,0,0,0,1,42
280,plugins/saas-packs/openrouter-pack,plugins/saas-packs/openrouter-pack/.claude-plugin/plugin.json,saas-packs,1,1,0,0,0,0,1,245
281,plugins/saas-packs/perplexity-pack,plugins/saas-packs/perplexity-pack/.claude-plugin/plugin.json,saas-packs,1,1,0,0,0,0,1,35
282,plugins/saas-packs/posthog-pack,plugins/saas-packs/posthog-pack/.claude-plugin/plugin.json,saas-packs,1,1,0,0,0,0,1,30
283,plugins/saas-packs/replit-pack,plugins/saas-packs/replit-pack/.claude-plugin/plugin.json,saas-packs,1,1,0,0,0,0,1,34
284,plugins/saas-packs/retellai-pack,plugins/saas-packs/retellai-pack/.claude-plugin/plugin.json,saas-packs,1,1,0,0,0,0,1,58
285,plugins/saas-packs/sentry-pack,plugins/saas-packs/sentry-pack/.claude-plugin/plugin.json,saas-packs,1,1,0,0,0,0,1,179
286,plugins/saas-packs/skill-databases/windsurf,plugins/saas-packs/skill-databases/windsurf/.claude-plugin/plugin.json,saas-packs,1,0,0,0,0,0,1,152
287,plugins/saas-packs/speak-pack,plugins/saas-packs/speak-pack/.claude-plugin/plugin.json,saas-packs,1,1,0,0,0,0,1,54
288,plugins/saas-packs/supabase-pack,plugins/saas-packs/supabase-pack/.claude-plugin/plugin.json,saas-packs,1,1,0,0,0,0,1,126
289,plugins/saas-packs/twinmind-pack,plugins/saas-packs/twinmind-pack/.claude-plugin/plugin.json,saas-packs,1,1,0,0,0,0,1,43
290,plugins/saas-packs/vastai-pack,plugins/saas-packs/vastai-pack/.claude-plugin/plugin.json,saas-packs,1,1,0,0,0,0,1,28
291,plugins/saas-packs/vercel-pack,plugins/saas-packs/vercel-pack/.claude-plugin/plugin.json,saas-packs,1,1,0,0,0,0,1,126
292,plugins/saas-packs/windsurf-pack,plugins/saas-packs/windsurf-pack/.claude-plugin/plugin.json,saas-packs,1,1,0,0,0,0,1,34
293,plugins/security/access-control-auditor,plugins/security/access-control-auditor/.claude-plugin/plugin.json,security,1,0,0,0,1,0,1,9
294,plugins/security/authentication-validator,plugins/security/authentication-validator/.claude-plugin/plugin.json,security,1,0,0,0,1,0,1,11
295,plugins/security/compliance-report-generator,plugins/security/compliance-report-generator/.claude-plugin/plugin.json,security,1,0,0,0,1,0,1,10
296,plugins/security/cors-policy-validator,plugins/security/cors-policy-validator/.claude-plugin/plugin.json,security,1,0,0,0,1,0,1,10
297,plugins/security/csrf-protection-validator,plugins/security/csrf-protection-validator/.claude-plugin/plugin.json,security,1,0,0,0,1,0,1,9
298,plugins/security/data-privacy-scanner,plugins/security/data-privacy-scanner/.claude-plugin/plugin.json,security,1,0,0,0,1,0,1,8
299,plugins/security/dependency-checker,plugins/security/dependency-checker/.claude-plugin/plugin.json,security,1,0,0,0,1,0,1,12
300,plugins/security/encryption-tool,plugins/security/encryption-tool/.claude-plugin/plugin.json,security,1,0,0,0,1,0,1,9
301,plugins/security/gdpr-compliance-scanner,plugins/security/gdpr-compliance-scanner/.claude-plugin/plugin.json,security,1,0,0,0,1,0,1,9
302,plugins/security/hipaa-compliance-checker,plugins/security/hipaa-compliance-checker/.claude-plugin/plugin.json,security,1,0,0,0,1,0,1,8
303,plugins/security/input-validation-scanner,plugins/security/input-validation-scanner/.claude-plugin/plugin.json,security,1,0,0,0,1,0,1,13
304,plugins/security/owasp-compliance-checker,plugins/security/owasp-compliance-checker/.claude-plugin/plugin.json,security,1,0,0,0,1,0,1,9
305,plugins/security/pci-dss-validator,plugins/security/pci-dss-validator/.claude-plugin/plugin.json,security,1,0,0,0,1,0,1,9
306,plugins/security/penetration-tester,plugins/security/penetration-tester/.claude-plugin/plugin.json,security,1,0,0,0,1,0,1,14
307,plugins/security/secret-scanner,plugins/security/secret-scanner/.claude-plugin/plugin.json,security,1,0,0,0,1,0,1,8
308,plugins/security/security-audit-reporter,plugins/security/security-audit-reporter/.claude-plugin/plugin.json,security,1,0,0,0,1,0,1,11
309,plugins/security/security-headers-analyzer,plugins/security/security-headers-analyzer/.claude-plugin/plugin.json,security,1,0,0,0,1,0,1,13
310,plugins/security/security-incident-responder,plugins/security/security-incident-responder/.claude-plugin/plugin.json,security,1,0,0,0,1,0,1,12
311,plugins/security/security-misconfiguration-finder,plugins/security/security-misconfiguration-finder/.claude-plugin/plugin.json,security,1,0,0,0,1,0,1,11
312,plugins/security/session-security-checker,plugins/security/session-security-checker/.claude-plugin/plugin.json,security,1,0,0,0,1,0,1,12
313,plugins/security/soc2-audit-helper,plugins/security/soc2-audit-helper/.claude-plugin/plugin.json,security,1,0,0,0,1,0,1,13
314,plugins/security/sql-injection-detector,plugins/security/sql-injection-detector/.claude-plugin/plugin.json,security,1,0,0,0,1,0,1,13
315,plugins/security/ssl-certificate-manager,plugins/security/ssl-certificate-manager/.claude-plugin/plugin.json,security,1,0,0,0,1,0,1,8
316,plugins/security/vulnerability-scanner,plugins/security/vulnerability-scanner/.claude-plugin/plugin.json,security,1,0,0,0,1,0,1,9
317,plugins/security/xss-vulnerability-scanner,plugins/security/xss-vulnerability-scanner/.claude-plugin/plugin.json,security,1,0,0,0,1,0,1,8
318,plugins/skill-enhancers/calendar-to-workflow,plugins/skill-enhancers/calendar-to-workflow/.claude-plugin/plugin.json,skill-enhancers,1,0,0,0,0,0,1,17
319,plugins/skill-enhancers/file-to-code,plugins/skill-enhancers/file-to-code/.claude-plugin/plugin.json,skill-enhancers,1,0,0,0,0,0,1,21
320,plugins/skill-enhancers/research-to-deploy,plugins/skill-enhancers/research-to-deploy/.claude-plugin/plugin.json,skill-enhancers,1,0,0,0,0,0,1,16
321,plugins/skill-enhancers/search-to-slack,plugins/skill-enhancers/search-to-slack/.claude-plugin/plugin.json,skill-enhancers,1,0,0,0,0,0,1,17
322,plugins/skill-enhancers/skill-creator,plugins/skill-enhancers/skill-creator/.claude-plugin/plugin.json,skill-enhancers,1,0,0,0,0,0,1,38
323,plugins/skill-enhancers/validate-plugin,plugins/skill-enhancers/validate-plugin/.claude-plugin/plugin.json,skill-enhancers,1,0,0,0,0,0,1,4
324,plugins/skill-enhancers/web-to-github-issue,plugins/skill-enhancers/web-to-github-issue/.claude-plugin/plugin.json,skill-enhancers,1,1,0,1,1,0,1,47
325,plugins/testing/accessibility-test-scanner,plugins/testing/accessibility-test-scanner/.claude-plugin/plugin.json,testing,1,0,0,0,1,0,1,10
326,plugins/testing/api-fuzzer,plugins/testing/api-fuzzer/.claude-plugin/plugin.json,testing,1,0,0,0,1,0,1,10
327,plugins/testing/api-test-automation,plugins/testing/api-test-automation/.claude-plugin/plugin.json,testing,1,0,0,0,0,1,1,12
328,plugins/testing/browser-compatibility-tester,plugins/testing/browser-compatibility-tester/.claude-plugin/plugin.json,testing,1,0,0,0,1,0,1,8
329,plugins/testing/chaos-engineering-toolkit,plugins/testing/chaos-engineering-toolkit/.claude-plugin/plugin.json,testing,1,0,0,0,0,1,1,8
330,plugins/testing/contract-test-validator,plugins/testing/contract-test-validator/.claude-plugin/plugin.json,testing,1,0,0,0,1,0,1,13
331,plugins/testing/database-test-manager,plugins/testing/database-test-manager/.claude-plugin/plugin.json,testing,1,0,0,0,1,0,1,13
332,plugins/testing/e2e-test-framework,plugins/testing/e2e-test-framework/.claude-plugin/plugin.json,testing,1,0,0,0,1,0,1,8
333,plugins/testing/integration-test-runner,plugins/testing/integration-test-runner/.claude-plugin/plugin.json,testing,1,0,0,0,1,0,1,8
334,plugins/testing/load-balancer-tester,plugins/testing/load-balancer-tester/.claude-plugin/plugin.json,testing,1,0,0,0,1,0,1,11
335,plugins/testing/mobile-app-tester,plugins/testing/mobile-app-tester/.claude-plugin/plugin.json,testing,1,0,0,0,1,0,1,8
336,plugins/testing/mutation-test-runner,plugins/testing/mutation-test-runner/.claude-plugin/plugin.json,testing,1,0,0,0,0,1,1,12
337,plugins/testing/performance-test-suite,plugins/testing/performance-test-suite/.claude-plugin/plugin.json,testing,1,0,0,0,0,1,1,14
338,plugins/testing/regression-test-tracker,plugins/testing/regression-test-tracker/.claude-plugin/plugin.json,testing,1,0,0,0,1,0,1,14
339,plugins/testing/security-test-scanner,plugins/testing/security-test-scanner/.claude-plugin/plugin.json,testing,1,0,0,0,0,1,1,11
340,plugins/testing/smoke-test-runner,plugins/testing/smoke-test-runner/.claude-plugin/plugin.json,testing,1,0,0,0,1,0,1,8
341,plugins/testing/snapshot-test-manager,plugins/testing/snapshot-test-manager/.claude-plugin/plugin.json,testing,1,0,0,0,1,0,1,8
342,plugins/testing/test-coverage-analyzer,plugins/testing/test-coverage-analyzer/.claude-plugin/plugin.json,testing,1,0,0,0,1,0,1,13
343,plugins/testing/test-data-generator,plugins/testing/test-data-generator/.claude-plugin/plugin.json,testing,1,0,0,0,0,1,1,9
344,plugins/testing/test-doubles-generator,plugins/testing/test-doubles-generator/.claude-plugin/plugin.json,testing,1,0,0,0,1,0,1,10
345,plugins/testing/test-environment-manager,plugins/testing/test-environment-manager/.claude-plugin/plugin.json,testing,1,0,0,0,1,0,1,13
346,plugins/testing/test-orchestrator,plugins/testing/test-orchestrator/.claude-plugin/plugin.json,testing,1,0,0,0,1,0,1,11
347,plugins/testing/test-report-generator,plugins/testing/test-report-generator/.claude-plugin/plugin.json,testing,1,0,0,0,1,0,1,13
348,plugins/testing/unit-test-generator,plugins/testing/unit-test-generator/.claude-plugin/plugin.json,testing,1,0,0,0,1,0,1,8
349,plugins/testing/visual-regression-tester,plugins/testing/visual-regression-tester/.claude-plugin/plugin.json,testing,1,0,0,0,1,0,1,15
