id,name,path,pack_name,has_readme,has_package_json,plugin_json_shape,file_count
1,discovery-questionnaire,plugins/ai-agency/discovery-questionnaire,ai-agency,1,0,"author,description,keywords,license,name,repository,version",14
2,make-scenario-builder,plugins/ai-agency/make-scenario-builder,ai-agency,1,0,"author,description,keywords,license,name,repository,version",15
3,n8n-workflow-designer,plugins/ai-agency/n8n-workflow-designer,ai-agency,1,0,"author,description,keywords,license,name,repository,version",15
4,roi-calculator,plugins/ai-agency/roi-calculator,ai-agency,1,0,"author,description,keywords,license,name,repository,version",14
5,sow-generator,plugins/ai-agency/sow-generator,ai-agency,1,0,"author,description,keywords,license,name,repository,version",14
6,zapier-zap-builder,plugins/ai-agency/zapier-zap-builder,ai-agency,1,0,"author,description,keywords,license,name,repository,version",14
7,ai-ethics-validator,plugins/ai-ml/ai-ethics-validator,ai-ml,1,0,"author,description,keywords,license,name,repository,version",14
8,ai-sdk-agents,plugins/ai-ml/ai-sdk-agents,ai-ml,1,0,"author,description,keywords,license,name,repository,version",20
9,anomaly-detection-system,plugins/ai-ml/anomaly-detection-system,ai-ml,1,0,"author,description,keywords,license,name,repository,version",11
10,automl-pipeline-builder,plugins/ai-ml/automl-pipeline-builder,ai-ml,1,0,"author,description,keywords,license,name,repository,version",15
11,classification-model-builder,plugins/ai-ml/classification-model-builder,ai-ml,1,0,"author,description,keywords,license,name,repository,version",9
12,clustering-algorithm-runner,plugins/ai-ml/clustering-algorithm-runner,ai-ml,1,0,"author,description,keywords,license,name,repository,version",11
13,computer-vision-processor,plugins/ai-ml/computer-vision-processor,ai-ml,1,0,"author,description,keywords,license,name,repository,version",9
14,data-preprocessing-pipeline,plugins/ai-ml/data-preprocessing-pipeline,ai-ml,1,0,"author,description,keywords,license,name,repository,version",13
15,data-visualization-creator,plugins/ai-ml/data-visualization-creator,ai-ml,1,0,"author,description,keywords,license,name,repository,version",9
16,dataset-splitter,plugins/ai-ml/dataset-splitter,ai-ml,1,0,"author,description,keywords,license,name,repository,version",11
17,deep-learning-optimizer,plugins/ai-ml/deep-learning-optimizer,ai-ml,1,0,"author,description,keywords,license,name,repository,version",10
18,experiment-tracking-setup,plugins/ai-ml/experiment-tracking-setup,ai-ml,1,0,"author,description,keywords,license,name,repository,version",8
19,feature-engineering-toolkit,plugins/ai-ml/feature-engineering-toolkit,ai-ml,1,0,"author,description,keywords,license,name,repository,version",12
20,hyperparameter-tuner,plugins/ai-ml/hyperparameter-tuner,ai-ml,1,0,"author,description,keywords,license,name,repository,version",10
21,jeremy-adk-orchestrator,plugins/ai-ml/jeremy-adk-orchestrator,ai-ml,1,0,"author,description,keywords,license,name,repository,version",19
22,jeremy-adk-software-engineer,plugins/ai-ml/jeremy-adk-software-engineer,ai-ml,1,0,"author,description,keywords,license,name,repository,version",6
23,jeremy-gcp-starter-examples,plugins/ai-ml/jeremy-gcp-starter-examples,ai-ml,1,0,"author,description,keywords,license,name,repository,version",12
24,jeremy-genkit-pro,plugins/ai-ml/jeremy-genkit-pro,ai-ml,1,0,"author,description,keywords,license,name,repository,version",12
25,jeremy-vertex-engine,plugins/ai-ml/jeremy-vertex-engine,ai-ml,1,0,"author,description,keywords,license,name,repository,version",12
26,jeremy-vertex-validator,plugins/ai-ml/jeremy-vertex-validator,ai-ml,1,0,"author,description,keywords,license,name,repository,version",17
27,ml-model-trainer,plugins/ai-ml/ml-model-trainer,ai-ml,1,0,"author,description,keywords,license,name,repository,version",11
28,model-deployment-helper,plugins/ai-ml/model-deployment-helper,ai-ml,1,0,"author,description,keywords,license,name,repository,version",8
29,model-evaluation-suite,plugins/ai-ml/model-evaluation-suite,ai-ml,1,0,"author,description,keywords,license,name,repository,version",9
30,model-explainability-tool,plugins/ai-ml/model-explainability-tool,ai-ml,1,0,"author,description,keywords,license,name,repository,version",11
31,model-versioning-tracker,plugins/ai-ml/model-versioning-tracker,ai-ml,1,0,"author,description,keywords,license,name,repository,version",12
32,neural-network-builder,plugins/ai-ml/neural-network-builder,ai-ml,1,0,"author,description,keywords,license,name,repository,version",8
33,nlp-text-analyzer,plugins/ai-ml/nlp-text-analyzer,ai-ml,1,0,"author,description,keywords,license,name,repository,version",12
34,ollama-local-ai,plugins/ai-ml/ollama-local-ai,ai-ml,1,0,"author,description,keywords,license,name,version",8
35,recommendation-engine,plugins/ai-ml/recommendation-engine,ai-ml,1,0,"author,description,keywords,license,name,repository,version",9
36,regression-analysis-tool,plugins/ai-ml/regression-analysis-tool,ai-ml,1,0,"author,description,keywords,license,name,repository,version",13
37,sentiment-analysis-tool,plugins/ai-ml/sentiment-analysis-tool,ai-ml,1,0,"author,description,keywords,license,name,repository,version",10
38,time-series-forecaster,plugins/ai-ml/time-series-forecaster,ai-ml,1,0,"author,description,keywords,license,name,repository,version",11
39,transfer-learning-adapter,plugins/ai-ml/transfer-learning-adapter,ai-ml,1,0,"author,description,keywords,license,name,repository,version",11
40,api-authentication-builder,plugins/api-development/api-authentication-builder,api-development,1,0,"author,description,keywords,license,name,repository,version",22
41,api-batch-processor,plugins/api-development/api-batch-processor,api-development,1,0,"author,description,keywords,license,name,repository,version",21
42,api-cache-manager,plugins/api-development/api-cache-manager,api-development,1,0,"author,description,keywords,license,name,repository,version",21
43,api-contract-generator,plugins/api-development/api-contract-generator,api-development,1,0,"author,description,keywords,license,name,repository,version",21
44,api-documentation-generator,plugins/api-development/api-documentation-generator,api-development,1,0,"author,description,keywords,license,name,repository,version",21
45,api-error-handler,plugins/api-development/api-error-handler,api-development,1,0,"author,description,keywords,license,name,repository,version",20
46,api-event-emitter,plugins/api-development/api-event-emitter,api-development,1,0,"author,description,keywords,license,name,repository,version",21
47,api-gateway-builder,plugins/api-development/api-gateway-builder,api-development,1,0,"author,description,keywords,license,name,repository,version",20
48,api-load-tester,plugins/api-development/api-load-tester,api-development,1,0,"author,description,keywords,license,name,repository,version",22
49,api-migration-tool,plugins/api-development/api-migration-tool,api-development,1,0,"author,description,keywords,license,name,repository,version",22
50,api-mock-server,plugins/api-development/api-mock-server,api-development,1,0,"author,description,keywords,license,name,repository,version",20
51,api-monitoring-dashboard,plugins/api-development/api-monitoring-dashboard,api-development,1,0,"author,description,keywords,license,name,repository,version",21
52,api-rate-limiter,plugins/api-development/api-rate-limiter,api-development,1,0,"author,description,keywords,license,name,repository,version",20
53,api-request-logger,plugins/api-development/api-request-logger,api-development,1,0,"author,description,keywords,license,name,repository,version",20
54,api-response-validator,plugins/api-development/api-response-validator,api-development,1,0,"author,description,keywords,license,name,repository,version",20
55,api-schema-validator,plugins/api-development/api-schema-validator,api-development,1,0,"author,description,keywords,license,name,repository,version",19
56,api-sdk-generator,plugins/api-development/api-sdk-generator,api-development,1,0,"author,description,keywords,license,name,repository,version",18
57,api-security-scanner,plugins/api-development/api-security-scanner,api-development,1,0,"author,description,keywords,license,name,repository,version",21
58,api-throttling-manager,plugins/api-development/api-throttling-manager,api-development,1,0,"author,description,keywords,license,name,repository,version",21
59,api-versioning-manager,plugins/api-development/api-versioning-manager,api-development,1,0,"author,description,keywords,license,name,repository,version",22
60,graphql-server-builder,plugins/api-development/graphql-server-builder,api-development,1,0,"author,description,keywords,license,name,repository,version",18
61,grpc-service-generator,plugins/api-development/grpc-service-generator,api-development,1,0,"author,description,keywords,license,name,repository,version",23
62,rest-api-generator,plugins/api-development/rest-api-generator,api-development,1,0,"author,description,keywords,license,name,repository,version",21
63,webhook-handler-creator,plugins/api-development/webhook-handler-creator,api-development,1,0,"author,description,keywords,license,name,repository,version",21
64,websocket-server-builder,plugins/api-development/websocket-server-builder,api-development,1,0,"author,description,keywords,license,name,repository,version",21
65,mattyp-changelog,plugins/automation/mattyp-changelog,automation,1,0,"author,description,keywords,license,name,repository,version",20
66,brand-strategy-framework,plugins/business-tools/brand-strategy-framework,business-tools,1,0,"author,description,homepage,keywords,license,name,version",3
67,excel-analyst-pro,plugins/business-tools/excel-analyst-pro,business-tools,1,0,"author,description,keywords,license,name,repository,version",31
68,executive-assistant-skills,plugins/business-tools/executive-assistant-skills,business-tools,1,0,"author,description,homepage,keywords,license,name,repository,version",7
69,wondelai-blue-ocean-strategy,plugins/business-tools/wondelai-blue-ocean-strategy,business-tools,1,0,"author,description,keywords,license,name,repository,version",11
70,wondelai-contagious,plugins/business-tools/wondelai-contagious,business-tools,1,0,"author,description,keywords,license,name,repository,version",13
71,wondelai-cro-methodology,plugins/business-tools/wondelai-cro-methodology,business-tools,1,0,"author,description,keywords,license,name,repository,version",10
72,wondelai-crossing-the-chasm,plugins/business-tools/wondelai-crossing-the-chasm,business-tools,1,0,"author,description,keywords,license,name,repository,version",12
73,wondelai-drive-motivation,plugins/business-tools/wondelai-drive-motivation,business-tools,1,0,"author,description,keywords,license,name,repository,version",11
74,wondelai-hundred-million-offers,plugins/business-tools/wondelai-hundred-million-offers,business-tools,1,0,"author,description,keywords,license,name,repository,version",14
75,wondelai-influence-psychology,plugins/business-tools/wondelai-influence-psychology,business-tools,1,0,"author,description,keywords,license,name,repository,version",14
76,wondelai-jobs-to-be-done,plugins/business-tools/wondelai-jobs-to-be-done,business-tools,1,0,"author,description,keywords,license,name,repository,version",9
77,wondelai-made-to-stick,plugins/business-tools/wondelai-made-to-stick,business-tools,1,0,"author,description,keywords,license,name,repository,version",13
78,wondelai-negotiation,plugins/business-tools/wondelai-negotiation,business-tools,1,0,"author,description,keywords,license,name,repository,version",5
79,wondelai-obviously-awesome,plugins/business-tools/wondelai-obviously-awesome,business-tools,1,0,"author,description,keywords,license,name,repository,version",12
80,wondelai-one-page-marketing,plugins/business-tools/wondelai-one-page-marketing,business-tools,1,0,"author,description,keywords,license,name,repository,version",14
81,wondelai-predictable-revenue,plugins/business-tools/wondelai-predictable-revenue,business-tools,1,0,"author,description,keywords,license,name,repository,version",12
82,wondelai-scorecard-marketing,plugins/business-tools/wondelai-scorecard-marketing,business-tools,1,0,"author,description,keywords,license,name,repository,version",8
83,wondelai-storybrand-messaging,plugins/business-tools/wondelai-storybrand-messaging,business-tools,1,0,"author,description,keywords,license,name,repository,version",10
84,wondelai-traction-eos,plugins/business-tools/wondelai-traction-eos,business-tools,1,0,"author,description,keywords,license,name,repository,version",12
85,b12-claude-plugin,plugins/community/b12-claude-plugin,community,1,0,"author,description,homepage,keywords,license,name,repository,version",4
86,claude-never-forgets,plugins/community/claude-never-forgets,community,1,0,"author,description,keywords,license,name,repository,version",16
87,claude-reflect,plugins/community/claude-reflect,community,1,0,"author,description,keywords,license,name,repository,version",13
88,fairdb-ops-manager,plugins/community/fairdb-ops-manager,community,1,0,"author,description,keywords,license,name,repository,version",25
89,gastown,plugins/community/gastown,community,1,0,"author,description,homepage,keywords,license,name,repository,version",11
90,geepers-agents,plugins/community/geepers-agents,community,1,0,"author,description,homepage,keywords,license,name,repository,version",106
91,jeremy-firebase,plugins/community/jeremy-firebase,community,1,0,"author,description,keywords,license,name,repository,version",18
92,jeremy-firestore,plugins/community/jeremy-firestore,community,1,0,"author,description,keywords,license,name,repository,version",9
93,sprint,plugins/community/sprint,community,1,0,"author,description,homepage,keywords,license,name,repository,version",37
94,zai-cli,plugins/community/zai-cli,community,1,0,"author,description,homepage,keywords,license,name,repository,version",6
95,arbitrage-opportunity-finder,plugins/crypto/arbitrage-opportunity-finder,crypto,1,0,"author,description,keywords,license,name,repository,version",27
96,blockchain-explorer-cli,plugins/crypto/blockchain-explorer-cli,crypto,1,0,"author,description,keywords,license,name,repository,version",26
97,cross-chain-bridge-monitor,plugins/crypto/cross-chain-bridge-monitor,crypto,1,0,"author,description,keywords,license,name,repository,version",27
98,crypto-derivatives-tracker,plugins/crypto/crypto-derivatives-tracker,crypto,1,0,"author,description,keywords,license,name,repository,version",28
99,crypto-news-aggregator,plugins/crypto/crypto-news-aggregator,crypto,1,0,"author,description,keywords,license,name,repository,version",27
100,crypto-portfolio-tracker,plugins/crypto/crypto-portfolio-tracker,crypto,1,0,"author,description,keywords,license,name,repository,version",27
101,crypto-signal-generator,plugins/crypto/crypto-signal-generator,crypto,1,0,"author,description,keywords,license,name,repository,version",23
102,crypto-tax-calculator,plugins/crypto/crypto-tax-calculator,crypto,1,0,"author,description,keywords,license,name,repository,version",27
103,defi-yield-optimizer,plugins/crypto/defi-yield-optimizer,crypto,1,0,"author,description,keywords,license,name,repository,version",26
104,dex-aggregator-router,plugins/crypto/dex-aggregator-router,crypto,1,0,"author,description,keywords,license,name,repository,version",27
105,flash-loan-simulator,plugins/crypto/flash-loan-simulator,crypto,1,0,"author,description,keywords,license,name,repository,version",17
106,gas-fee-optimizer,plugins/crypto/gas-fee-optimizer,crypto,1,0,"author,description,keywords,license,name,repository,version",26
107,liquidity-pool-analyzer,plugins/crypto/liquidity-pool-analyzer,crypto,1,0,"author,description,keywords,license,name,repository,version",26
108,market-movers-scanner,plugins/crypto/market-movers-scanner,crypto,1,0,"author,description,keywords,license,name,repository,version",26
109,market-price-tracker,plugins/crypto/market-price-tracker,crypto,1,0,"author,description,keywords,license,name,repository,version",26
110,market-sentiment-analyzer,plugins/crypto/market-sentiment-analyzer,crypto,1,0,"author,description,keywords,license,name,repository,version",26
111,mempool-analyzer,plugins/crypto/mempool-analyzer,crypto,1,0,"author,description,keywords,license,name,repository,version",27
112,nft-rarity-analyzer,plugins/crypto/nft-rarity-analyzer,crypto,1,0,"author,description,keywords,license,name,repository,version",26
113,on-chain-analytics,plugins/crypto/on-chain-analytics,crypto,1,0,"author,description,keywords,license,name,repository,version",25
114,options-flow-analyzer,plugins/crypto/options-flow-analyzer,crypto,1,0,"author,description,keywords,license,name,repository,version",18
115,staking-rewards-optimizer,plugins/crypto/staking-rewards-optimizer,crypto,1,0,"author,description,keywords,license,name,repository,version",26
116,token-launch-tracker,plugins/crypto/token-launch-tracker,crypto,1,0,"author,description,keywords,license,name,repository,version",26
117,trading-strategy-backtester,plugins/crypto/trading-strategy-backtester,crypto,1,0,"author,description,keywords,license,name,repository,version",40
118,wallet-portfolio-tracker,plugins/crypto/wallet-portfolio-tracker,crypto,1,0,"author,description,keywords,license,name,repository,version",14
119,wallet-security-auditor,plugins/crypto/wallet-security-auditor,crypto,1,0,"author,description,keywords,license,name,repository,version",14
120,whale-alert-monitor,plugins/crypto/whale-alert-monitor,crypto,1,0,"author,description,keywords,license,name,repository,version",26
121,data-seeder-generator,plugins/database/data-seeder-generator,database,1,0,"author,description,keywords,license,name,repository,version",8
122,data-validation-engine,plugins/database/data-validation-engine,database,1,0,"author,description,keywords,license,name,repository,version",10
123,database-archival-system,plugins/database/database-archival-system,database,1,0,"author,description,keywords,license,name,repository,version",9
124,database-audit-logger,plugins/database/database-audit-logger,database,1,0,"author,description,keywords,license,name,repository,version",12
125,database-backup-automator,plugins/database/database-backup-automator,database,1,0,"author,description,keywords,license,name,repository,version",20
126,database-cache-layer,plugins/database/database-cache-layer,database,1,0,"author,description,keywords,license,name,repository,version",9
127,database-connection-pooler,plugins/database/database-connection-pooler,database,1,0,"author,description,keywords,license,name,repository,version",8
128,database-deadlock-detector,plugins/database/database-deadlock-detector,database,1,0,"author,description,keywords,license,name,repository,version",9
129,database-diff-tool,plugins/database/database-diff-tool,database,1,0,"author,description,keywords,license,name,repository,version",9
130,database-documentation-gen,plugins/database/database-documentation-gen,database,1,0,"author,description,keywords,license,name,repository,version",11
131,database-health-monitor,plugins/database/database-health-monitor,database,1,0,"author,description,keywords,license,name,repository,version",8
132,database-index-advisor,plugins/database/database-index-advisor,database,1,0,"author,description,keywords,license,name,repository,version",9
133,database-migration-manager,plugins/database/database-migration-manager,database,1,0,"author,description,keywords,license,name,repository,version",8
134,database-partition-manager,plugins/database/database-partition-manager,database,1,0,"author,description,keywords,license,name,repository,version",8
135,database-recovery-manager,plugins/database/database-recovery-manager,database,1,0,"author,description,keywords,license,name,repository,version",12
136,database-replication-manager,plugins/database/database-replication-manager,database,1,0,"author,description,keywords,license,name,repository,version",10
137,database-schema-designer,plugins/database/database-schema-designer,database,1,0,"author,description,keywords,license,name,repository,version",8
138,database-security-scanner,plugins/database/database-security-scanner,database,1,0,"author,description,keywords,license,name,repository,version",8
139,database-sharding-manager,plugins/database/database-sharding-manager,database,1,0,"author,description,keywords,license,name,repository,version",9
140,database-transaction-monitor,plugins/database/database-transaction-monitor,database,1,0,"author,description,keywords,license,name,repository,version",9
141,nosql-data-modeler,plugins/database/nosql-data-modeler,database,1,0,"author,description,keywords,license,name,repository,version",11
142,orm-code-generator,plugins/database/orm-code-generator,database,1,0,"author,description,keywords,license,name,repository,version",10
143,query-performance-analyzer,plugins/database/query-performance-analyzer,database,1,0,"author,description,keywords,license,name,repository,version",8
144,sql-query-optimizer,plugins/database/sql-query-optimizer,database,1,0,"author,description,keywords,license,name,repository,version",10
145,stored-procedure-generator,plugins/database/stored-procedure-generator,database,1,0,"author,description,keywords,license,name,repository,version",17
146,wondelai-design-everyday-things,plugins/design/wondelai-design-everyday-things,design,1,0,"author,description,keywords,license,name,repository,version",14
147,wondelai-hooked-ux,plugins/design/wondelai-hooked-ux,design,1,0,"author,description,keywords,license,name,repository,version",11
148,wondelai-ios-hig-design,plugins/design/wondelai-ios-hig-design,design,1,0,"author,description,keywords,license,name,repository,version",15
149,wondelai-refactoring-ui,plugins/design/wondelai-refactoring-ui,design,1,0,"author,description,keywords,license,name,repository,version",9
150,wondelai-top-design,plugins/design/wondelai-top-design,design,1,0,"author,description,keywords,license,name,repository,version",9
151,wondelai-ux-heuristics,plugins/design/wondelai-ux-heuristics,design,1,0,"author,description,keywords,license,name,repository,version",11
152,wondelai-web-typography,plugins/design/wondelai-web-typography,design,1,0,"author,description,keywords,license,name,repository,version",9
153,ansible-playbook-creator,plugins/devops/ansible-playbook-creator,devops,1,0,"author,description,keywords,license,name,repository,version",13
154,auto-scaling-configurator,plugins/devops/auto-scaling-configurator,devops,1,0,"author,description,keywords,license,name,repository,version",12
155,backup-strategy-implementor,plugins/devops/backup-strategy-implementor,devops,1,0,"author,description,keywords,license,name,repository,version",8
156,ci-cd-pipeline-builder,plugins/devops/ci-cd-pipeline-builder,devops,1,0,"author,description,keywords,license,name,repository,version",8
157,cloud-cost-optimizer,plugins/devops/cloud-cost-optimizer,devops,1,0,"author,description,keywords,license,name,repository,version",13
158,compliance-checker,plugins/devops/compliance-checker,devops,1,0,"author,description,keywords,license,name,repository,version",12
159,container-registry-manager,plugins/devops/container-registry-manager,devops,1,0,"author,description,keywords,license,name,repository,version",9
160,container-security-scanner,plugins/devops/container-security-scanner,devops,1,0,"author,description,keywords,license,name,repository,version",10
161,deployment-pipeline-orchestrator,plugins/devops/deployment-pipeline-orchestrator,devops,1,0,"author,description,keywords,license,name,repository,version",11
162,deployment-rollback-manager,plugins/devops/deployment-rollback-manager,devops,1,0,"author,description,keywords,license,name,repository,version",14
163,disaster-recovery-planner,plugins/devops/disaster-recovery-planner,devops,1,0,"author,description,keywords,license,name,repository,version",8
164,docker-compose-generator,plugins/devops/docker-compose-generator,devops,1,0,"author,description,keywords,license,name,repository,version",13
165,environment-config-manager,plugins/devops/environment-config-manager,devops,1,0,"author,description,keywords,license,name,repository,version",9
166,fairdb-operations-kit,plugins/devops/fairdb-operations-kit,devops,1,0,"author,description,keywords,license,name,repository,version",22
167,gh-dash,plugins/devops/gh-dash,devops,1,0,"author,description,homepage,keywords,license,name,repository,version",3
168,git-commit-smart,plugins/devops/git-commit-smart,devops,1,0,"author,description,keywords,license,name,repository,version",11
169,gitops-workflow-builder,plugins/devops/gitops-workflow-builder,devops,1,0,"author,description,keywords,license,name,repository,version",8
170,helm-chart-generator,plugins/devops/helm-chart-generator,devops,1,0,"author,description,keywords,license,name,repository,version",10
171,infrastructure-as-code-generator,plugins/devops/infrastructure-as-code-generator,devops,1,0,"author,description,keywords,license,name,repository,version",10
172,infrastructure-drift-detector,plugins/devops/infrastructure-drift-detector,devops,1,0,"author,description,keywords,license,name,repository,version",9
173,jeremy-adk-terraform,plugins/devops/jeremy-adk-terraform,devops,1,0,"author,description,keywords,license,name,repository,version",8
174,jeremy-genkit-terraform,plugins/devops/jeremy-genkit-terraform,devops,1,0,"author,description,keywords,license,name,repository,version",8
175,jeremy-github-actions-gcp,plugins/devops/jeremy-github-actions-gcp,devops,1,0,"author,description,keywords,license,name,repository,version",11
176,jeremy-vertex-terraform,plugins/devops/jeremy-vertex-terraform,devops,1,0,"author,description,keywords,license,name,repository,version",8
177,kubernetes-deployment-creator,plugins/devops/kubernetes-deployment-creator,devops,1,0,"author,description,keywords,license,name,repository,version",29
178,load-balancer-configurator,plugins/devops/load-balancer-configurator,devops,1,0,"author,description,keywords,license,name,repository,version",13
179,log-aggregation-setup,plugins/devops/log-aggregation-setup,devops,1,0,"author,description,keywords,license,name,repository,version",17
180,monitoring-stack-deployer,plugins/devops/monitoring-stack-deployer,devops,1,0,"author,description,keywords,license,name,repository,version",14
181,network-policy-manager,plugins/devops/network-policy-manager,devops,1,0,"author,description,keywords,license,name,repository,version",10
182,secrets-manager-integrator,plugins/devops/secrets-manager-integrator,devops,1,0,"author,description,keywords,license,name,repository,version",12
183,service-mesh-configurator,plugins/devops/service-mesh-configurator,devops,1,0,"author,description,keywords,license,name,repository,version",16
184,terraform-module-builder,plugins/devops/terraform-module-builder,devops,1,0,"author,description,keywords,license,name,repository,version",9
185,formatter,plugins/examples/formatter,examples,1,0,"author,description,keywords,license,name,repository,version",25
186,hello-world,plugins/examples/hello-world,examples,1,0,"author,description,keywords,license,name,repository,version",16
187,jeremy-plugin-tool,plugins/examples/jeremy-plugin-tool,examples,1,0,"author,description,homepage,keywords,license,name,repository,version",53
188,pi-pathfinder,plugins/examples/pi-pathfinder,examples,1,0,"author,description,keywords,license,name,repository,version",15
189,security-agent,plugins/examples/security-agent,examples,1,0,"author,description,keywords,license,name,version",12
190,openbb-terminal,plugins/finance/openbb-terminal,finance,1,0,"author,description,keywords,license,name,repository,version",23
191,jeremy-google-adk,plugins/jeremy-google-adk,jeremy-google-adk,1,0,"author,description,keywords,license,name,repository,version",6
192,jeremy-vertex-ai,plugins/jeremy-vertex-ai,jeremy-vertex-ai,1,0,"author,description,keywords,license,name,repository,version",5
193,ai-experiment-logger,plugins/mcp/ai-experiment-logger,mcp,1,1,"author,description,keywords,license,name,repository,version",31
194,conversational-api-debugger,plugins/mcp/conversational-api-debugger,mcp,1,1,"author,description,keywords,license,name,repository,version",12
195,design-to-code,plugins/mcp/design-to-code,mcp,1,1,"author,description,keywords,license,name,repository,version",18
196,domain-memory-agent,plugins/mcp/domain-memory-agent,mcp,1,1,"author,description,keywords,license,name,repository,version",23
197,lumera-agent-memory,plugins/mcp/lumera-agent-memory,mcp,1,1,"author,description,keywords,license,name,repository,version",28
198,pr-to-spec,plugins/mcp/pr-to-spec,mcp,1,1,"author,description,homepage,keywords,license,name,repository,version",116
199,project-health-auditor,plugins/mcp/project-health-auditor,mcp,1,1,"author,description,keywords,license,name,repository,version",31
200,slack-channel,plugins/mcp/slack-channel,mcp,1,1,"author,description,homepage,keywords,license,name,repository,version",12
201,workflow-orchestrator,plugins/mcp/workflow-orchestrator,mcp,1,1,"author,description,keywords,license,name,repository,version",19
202,ai-ml-engineering-pack,plugins/packages/ai-ml-engineering-pack,packages,1,0,"author,description,homepage,keywords,license,name,repository,version",26
203,creator-studio-pack,plugins/packages/creator-studio-pack,packages,1,0,"author,description,keywords,license,name,repository,version",48
204,devops-automation-pack,plugins/packages/devops-automation-pack,packages,1,0,"author,description,homepage,keywords,license,name,repository,version",41
205,fullstack-starter-pack,plugins/packages/fullstack-starter-pack,packages,1,0,"author,description,homepage,keywords,license,name,repository,version",48
206,security-pro-pack,plugins/packages/security-pro-pack,packages,1,0,"author,description,homepage,keywords,license,name,repository,version",25
207,alerting-rule-creator,plugins/performance/alerting-rule-creator,performance,1,0,"author,description,keywords,license,name,repository,version",11
208,apm-dashboard-creator,plugins/performance/apm-dashboard-creator,performance,1,0,"author,description,keywords,license,name,repository,version",10
209,application-profiler,plugins/performance/application-profiler,performance,1,0,"author,description,keywords,license,name,repository,version",10
210,bottleneck-detector,plugins/performance/bottleneck-detector,performance,1,0,"author,description,keywords,license,name,repository,version",12
211,cache-performance-optimizer,plugins/performance/cache-performance-optimizer,performance,1,0,"author,description,keywords,license,name,repository,version",8
212,capacity-planning-analyzer,plugins/performance/capacity-planning-analyzer,performance,1,0,"author,description,keywords,license,name,repository,version",9
213,cpu-usage-monitor,plugins/performance/cpu-usage-monitor,performance,1,0,"author,description,keywords,license,name,repository,version",10
214,database-query-profiler,plugins/performance/database-query-profiler,performance,1,0,"author,description,keywords,license,name,repository,version",14
215,distributed-tracing-setup,plugins/performance/distributed-tracing-setup,performance,1,0,"author,description,keywords,license,name,repository,version",9
216,error-rate-monitor,plugins/performance/error-rate-monitor,performance,1,0,"author,description,keywords,license,name,repository,version",10
217,infrastructure-metrics-collector,plugins/performance/infrastructure-metrics-collector,performance,1,0,"author,description,keywords,license,name,repository,version",8
218,load-test-runner,plugins/performance/load-test-runner,performance,1,0,"author,description,keywords,license,name,repository,version",8
219,log-analysis-tool,plugins/performance/log-analysis-tool,performance,1,0,"author,description,keywords,license,name,repository,version",10
220,memory-leak-detector,plugins/performance/memory-leak-detector,performance,1,0,"author,description,keywords,license,name,repository,version",11
221,metrics-aggregator,plugins/performance/metrics-aggregator,performance,1,0,"author,description,keywords,license,name,repository,version",8
222,network-latency-analyzer,plugins/performance/network-latency-analyzer,performance,1,0,"author,description,keywords,license,name,repository,version",9
223,performance-budget-validator,plugins/performance/performance-budget-validator,performance,1,0,"author,description,keywords,license,name,repository,version",11
224,performance-optimization-advisor,plugins/performance/performance-optimization-advisor,performance,1,0,"author,description,keywords,license,name,repository,version",8
225,performance-regression-detector,plugins/performance/performance-regression-detector,performance,1,0,"author,description,keywords,license,name,repository,version",11
226,real-user-monitoring,plugins/performance/real-user-monitoring,performance,1,0,"author,description,keywords,license,name,repository,version",9
227,resource-usage-tracker,plugins/performance/resource-usage-tracker,performance,1,0,"author,description,keywords,license,name,repository,version",9
228,response-time-tracker,plugins/performance/response-time-tracker,performance,1,0,"author,description,keywords,license,name,repository,version",9
229,sla-sli-tracker,plugins/performance/sla-sli-tracker,performance,1,0,"author,description,keywords,license,name,repository,version",9
230,synthetic-monitoring-setup,plugins/performance/synthetic-monitoring-setup,performance,1,0,"author,description,keywords,license,name,repository,version",9
231,throughput-analyzer,plugins/performance/throughput-analyzer,performance,1,0,"author,description,keywords,license,name,repository,version",10
232,000-jeremy-content-consistency-validator,plugins/productivity/000-jeremy-content-consistency-validator,productivity,1,0,"author,description,keywords,license,name,repository,version",14
233,002-jeremy-yaml-master-agent,plugins/productivity/002-jeremy-yaml-master-agent,productivity,1,0,"author,description,keywords,license,name,repository,version",8
234,003-jeremy-vertex-ai-media-master,plugins/productivity/003-jeremy-vertex-ai-media-master,productivity,1,0,"author,description,keywords,license,name,repository,version",12
235,004-jeremy-google-cloud-agent-sdk,plugins/productivity/004-jeremy-google-cloud-agent-sdk,productivity,1,0,"author,description,keywords,license,name,repository,version",9
236,agent-context-manager,plugins/productivity/agent-context-manager,productivity,1,0,"author,description,keywords,license,name,repository,version",11
237,ai-commit-gen,plugins/productivity/ai-commit-gen,productivity,1,0,"author,description,keywords,license,name,repository,version",14
238,box-cloud-filesystem,plugins/productivity/box-cloud-filesystem,productivity,1,0,"author,description,homepage,keywords,license,name,repository,version",9
239,claude-memory-kit,plugins/productivity/claude-memory-kit,productivity,1,0,"author,description,homepage,keywords,license,name,repository,version",11
240,navigating-github,plugins/productivity/navigating-github,productivity,1,0,"author,description,homepage,keywords,license,name,repository,version",12
241,neurodivergent-visual-org,plugins/productivity/neurodivergent-visual-org,productivity,1,0,"author,description,homepage,keywords,license,name,repository,version",4
242,overnight-dev,plugins/productivity/overnight-dev,productivity,1,0,"author,description,keywords,license,name,repository,version",19
243,pm-ai-partner,plugins/productivity/pm-ai-partner,productivity,1,0,"author,description,homepage,keywords,license,name,repository,version",25
244,prettier-markdown-hook,plugins/productivity/prettier-markdown-hook,productivity,1,0,"author,description,keywords,license,name,repository,version",6
245,travel-assistant,plugins/productivity/travel-assistant,productivity,1,0,"author,description,keywords,license,name,repository,version",27
246,vibe-guide,plugins/productivity/vibe-guide,productivity,1,0,"author,description,keywords,name,version",15
247,wondelai-design-sprint,plugins/productivity/wondelai-design-sprint,productivity,1,0,"author,description,keywords,license,name,repository,version",13
248,wondelai-lean-startup,plugins/productivity/wondelai-lean-startup,productivity,1,0,"author,description,keywords,license,name,repository,version",15
249,youtube-strategy,plugins/productivity/youtube-strategy,productivity,1,0,"author,description,keywords,license,name,version",17
250,apollo-pack,plugins/saas-packs/apollo-pack,saas-packs,1,1,"author,description,keywords,license,name,version",51
251,clay-pack,plugins/saas-packs/clay-pack,saas-packs,1,1,"author,description,keywords,license,name,version",50
252,clerk-pack,plugins/saas-packs/clerk-pack,saas-packs,1,1,"author,description,keywords,license,name,version",50
253,coderabbit-pack,plugins/saas-packs/coderabbit-pack,saas-packs,1,1,"author,description,keywords,license,name,version",28
254,cursor-pack,plugins/saas-packs/cursor-pack,saas-packs,1,1,"author,description,name,version",218
255,customerio-pack,plugins/saas-packs/customerio-pack,saas-packs,1,1,"author,description,keywords,license,name,version",63
256,databricks-pack,plugins/saas-packs/databricks-pack,saas-packs,1,0,"author,description,keywords,license,name,version",35
257,deepgram-pack,plugins/saas-packs/deepgram-pack,saas-packs,1,1,"author,description,keywords,license,name,version",51
258,documenso-pack,plugins/saas-packs/documenso-pack,saas-packs,1,1,"author,description,keywords,license,name,version",53
259,evernote-pack,plugins/saas-packs/evernote-pack,saas-packs,1,1,"author,description,keywords,license,name,version",51
260,exa-pack,plugins/saas-packs/exa-pack,saas-packs,1,1,"author,description,keywords,license,name,version",34
261,firecrawl-pack,plugins/saas-packs/firecrawl-pack,saas-packs,1,1,"author,description,keywords,license,name,version",34
262,fireflies-pack,plugins/saas-packs/fireflies-pack,saas-packs,1,1,"author,description,keywords,license,name,version",28
263,gamma-pack,plugins/saas-packs/gamma-pack,saas-packs,1,1,"author,description,keywords,license,name,version",37
264,granola-pack,plugins/saas-packs/granola-pack,saas-packs,1,1,"author,description,keywords,license,name,version",45
265,groq-pack,plugins/saas-packs/groq-pack,saas-packs,1,1,"author,description,keywords,license,name,version",28
266,guidewire-pack,plugins/saas-packs/guidewire-pack,saas-packs,1,1,"author,description,keywords,license,name,version",52
267,ideogram-pack,plugins/saas-packs/ideogram-pack,saas-packs,1,1,"author,description,keywords,license,name,version",28
268,instantly-pack,plugins/saas-packs/instantly-pack,saas-packs,1,1,"author,description,keywords,license,name,version",28
269,juicebox-pack,plugins/saas-packs/juicebox-pack,saas-packs,1,1,"author,description,keywords,license,name,version",48
270,klingai-pack,plugins/saas-packs/klingai-pack,saas-packs,1,1,"author,description,keywords,license,name,version",178
271,langchain-pack,plugins/saas-packs/langchain-pack,saas-packs,1,1,"author,description,keywords,license,name,version",36
272,langfuse-pack,plugins/saas-packs/langfuse-pack,saas-packs,1,0,"author,description,keywords,license,name,repository,version",37
273,lindy-pack,plugins/saas-packs/lindy-pack,saas-packs,1,1,"author,description,keywords,license,name,version",62
274,linear-pack,plugins/saas-packs/linear-pack,saas-packs,1,1,"author,description,keywords,license,name,version",49
275,lokalise-pack,plugins/saas-packs/lokalise-pack,saas-packs,1,1,"author,description,keywords,license,name,version",49
276,maintainx-pack,plugins/saas-packs/maintainx-pack,saas-packs,1,1,"author,description,keywords,license,name,version",51
277,mistral-pack,plugins/saas-packs/mistral-pack,saas-packs,1,1,"author,description,keywords,license,name,version",31
278,obsidian-pack,plugins/saas-packs/obsidian-pack,saas-packs,1,0,"author,description,keywords,license,name,version",50
279,openevidence-pack,plugins/saas-packs/openevidence-pack,saas-packs,1,1,"author,description,keywords,license,name,version",42
280,openrouter-pack,plugins/saas-packs/openrouter-pack,saas-packs,1,1,"author,description,name,version",245
281,perplexity-pack,plugins/saas-packs/perplexity-pack,saas-packs,1,1,"author,description,keywords,license,name,version",35
282,posthog-pack,plugins/saas-packs/posthog-pack,saas-packs,1,1,"author,description,keywords,license,name,version",30
283,replit-pack,plugins/saas-packs/replit-pack,saas-packs,1,1,"author,description,keywords,license,name,version",34
284,retellai-pack,plugins/saas-packs/retellai-pack,saas-packs,1,1,"author,description,keywords,license,name,version",58
285,sentry-pack,plugins/saas-packs/sentry-pack,saas-packs,1,1,"author,description,keywords,license,name,version",179
286,windsurf,plugins/saas-packs/skill-databases/windsurf,saas-packs,1,0,"author,description,keywords,license,name,version",152
287,speak-pack,plugins/saas-packs/speak-pack,saas-packs,1,1,"author,description,keywords,license,name,version",54
288,supabase-pack,plugins/saas-packs/supabase-pack,saas-packs,1,1,"author,description,keywords,license,name,version",126
289,twinmind-pack,plugins/saas-packs/twinmind-pack,saas-packs,1,1,"author,description,keywords,license,name,version",43
290,vastai-pack,plugins/saas-packs/vastai-pack,saas-packs,1,1,"author,description,keywords,license,name,version",28
291,vercel-pack,plugins/saas-packs/vercel-pack,saas-packs,1,1,"author,description,keywords,license,name,version",126
292,windsurf-pack,plugins/saas-packs/windsurf-pack,saas-packs,1,1,"author,description,keywords,license,name,version",34
293,access-control-auditor,plugins/security/access-control-auditor,security,1,0,"author,description,keywords,license,name,repository,version",9
294,authentication-validator,plugins/security/authentication-validator,security,1,0,"author,description,keywords,license,name,repository,version",11
295,compliance-report-generator,plugins/security/compliance-report-generator,security,1,0,"author,description,keywords,license,name,repository,version",10
296,cors-policy-validator,plugins/security/cors-policy-validator,security,1,0,"author,description,keywords,license,name,repository,version",10
297,csrf-protection-validator,plugins/security/csrf-protection-validator,security,1,0,"author,description,keywords,license,name,repository,version",9
298,data-privacy-scanner,plugins/security/data-privacy-scanner,security,1,0,"author,description,keywords,license,name,repository,version",8
299,dependency-checker,plugins/security/dependency-checker,security,1,0,"author,description,keywords,license,name,repository,version",12
300,encryption-tool,plugins/security/encryption-tool,security,1,0,"author,description,keywords,license,name,repository,version",9
301,gdpr-compliance-scanner,plugins/security/gdpr-compliance-scanner,security,1,0,"author,description,keywords,license,name,repository,version",9
302,hipaa-compliance-checker,plugins/security/hipaa-compliance-checker,security,1,0,"author,description,keywords,license,name,repository,version",8
303,input-validation-scanner,plugins/security/input-validation-scanner,security,1,0,"author,description,keywords,license,name,repository,version",13
304,owasp-compliance-checker,plugins/security/owasp-compliance-checker,security,1,0,"author,description,keywords,license,name,repository,version",9
305,pci-dss-validator,plugins/security/pci-dss-validator,security,1,0,"author,description,keywords,license,name,repository,version",9
306,penetration-tester,plugins/security/penetration-tester,security,1,0,"author,description,keywords,license,name,repository,version",14
307,secret-scanner,plugins/security/secret-scanner,security,1,0,"author,description,keywords,license,name,repository,version",8
308,security-audit-reporter,plugins/security/security-audit-reporter,security,1,0,"author,description,keywords,license,name,repository,version",11
309,security-headers-analyzer,plugins/security/security-headers-analyzer,security,1,0,"author,description,keywords,license,name,repository,version",13
310,security-incident-responder,plugins/security/security-incident-responder,security,1,0,"author,description,keywords,license,name,repository,version",12
311,security-misconfiguration-finder,plugins/security/security-misconfiguration-finder,security,1,0,"author,description,keywords,license,name,repository,version",11
312,session-security-checker,plugins/security/session-security-checker,security,1,0,"author,description,keywords,license,name,repository,version",12
313,soc2-audit-helper,plugins/security/soc2-audit-helper,security,1,0,"author,description,keywords,license,name,repository,version",13
314,sql-injection-detector,plugins/security/sql-injection-detector,security,1,0,"author,description,keywords,license,name,repository,version",13
315,ssl-certificate-manager,plugins/security/ssl-certificate-manager,security,1,0,"author,description,keywords,license,name,repository,version",8
316,vulnerability-scanner,plugins/security/vulnerability-scanner,security,1,0,"author,description,keywords,license,name,repository,version",9
317,xss-vulnerability-scanner,plugins/security/xss-vulnerability-scanner,security,1,0,"author,description,keywords,license,name,repository,version",8
318,calendar-to-workflow,plugins/skill-enhancers/calendar-to-workflow,skill-enhancers,1,0,"author,description,keywords,license,name,repository,version",17
319,file-to-code,plugins/skill-enhancers/file-to-code,skill-enhancers,1,0,"author,description,keywords,license,name,repository,version",21
320,research-to-deploy,plugins/skill-enhancers/research-to-deploy,skill-enhancers,1,0,"author,description,keywords,license,name,repository,version",16
321,search-to-slack,plugins/skill-enhancers/search-to-slack,skill-enhancers,1,0,"author,description,keywords,license,name,repository,version",17
322,skill-creator,plugins/skill-enhancers/skill-creator,skill-enhancers,1,0,"author,description,keywords,license,name,repository,version",38
323,validate-plugin,plugins/skill-enhancers/validate-plugin,skill-enhancers,1,0,"author,description,keywords,license,name,repository,version",4
324,web-to-github-issue,plugins/skill-enhancers/web-to-github-issue,skill-enhancers,1,1,"author,description,keywords,license,name,repository,version",47
325,accessibility-test-scanner,plugins/testing/accessibility-test-scanner,testing,1,0,"author,description,keywords,license,name,repository,version",10
326,api-fuzzer,plugins/testing/api-fuzzer,testing,1,0,"author,description,keywords,license,name,repository,version",10
327,api-test-automation,plugins/testing/api-test-automation,testing,1,0,"author,description,keywords,license,name,repository,version",12
328,browser-compatibility-tester,plugins/testing/browser-compatibility-tester,testing,1,0,"author,description,keywords,license,name,repository,version",8
329,chaos-engineering-toolkit,plugins/testing/chaos-engineering-toolkit,testing,1,0,"author,description,keywords,license,name,repository,version",8
330,contract-test-validator,plugins/testing/contract-test-validator,testing,1,0,"author,description,keywords,license,name,repository,version",13
331,database-test-manager,plugins/testing/database-test-manager,testing,1,0,"author,description,keywords,license,name,repository,version",13
332,e2e-test-framework,plugins/testing/e2e-test-framework,testing,1,0,"author,description,keywords,license,name,repository,version",8
333,integration-test-runner,plugins/testing/integration-test-runner,testing,1,0,"author,description,keywords,license,name,repository,version",8
334,load-balancer-tester,plugins/testing/load-balancer-tester,testing,1,0,"author,description,keywords,license,name,repository,version",11
335,mobile-app-tester,plugins/testing/mobile-app-tester,testing,1,0,"author,description,keywords,license,name,repository,version",8
336,mutation-test-runner,plugins/testing/mutation-test-runner,testing,1,0,"author,description,keywords,license,name,repository,version",12
337,performance-test-suite,plugins/testing/performance-test-suite,testing,1,0,"author,description,keywords,license,name,repository,version",14
338,regression-test-tracker,plugins/testing/regression-test-tracker,testing,1,0,"author,description,keywords,license,name,repository,version",14
339,security-test-scanner,plugins/testing/security-test-scanner,testing,1,0,"author,description,keywords,license,name,repository,version",11
340,smoke-test-runner,plugins/testing/smoke-test-runner,testing,1,0,"author,description,keywords,license,name,repository,version",8
341,snapshot-test-manager,plugins/testing/snapshot-test-manager,testing,1,0,"author,description,keywords,license,name,repository,version",8
342,test-coverage-analyzer,plugins/testing/test-coverage-analyzer,testing,1,0,"author,description,keywords,license,name,repository,version",13
343,test-data-generator,plugins/testing/test-data-generator,testing,1,0,"author,description,keywords,license,name,repository,version",9
344,test-doubles-generator,plugins/testing/test-doubles-generator,testing,1,0,"author,description,keywords,license,name,repository,version",10
345,test-environment-manager,plugins/testing/test-environment-manager,testing,1,0,"author,description,keywords,license,name,repository,version",13
346,test-orchestrator,plugins/testing/test-orchestrator,testing,1,0,"author,description,keywords,license,name,repository,version",11
347,test-report-generator,plugins/testing/test-report-generator,testing,1,0,"author,description,keywords,license,name,repository,version",13
348,unit-test-generator,plugins/testing/unit-test-generator,testing,1,0,"author,description,keywords,license,name,repository,version",8
349,visual-regression-tester,plugins/testing/visual-regression-tester,testing,1,0,"author,description,keywords,license,name,repository,version",15
