company,display_name,tier,skill_count,npm_package,npm_status,beads_epic_id,skills_created,skills_tested,website_status,marketplace_status,notes
supabase,Supabase,flagship+,30,@intentsolutionsio/supabase-skill-md-pack,published,ccpi-supabase,30,0,not_started,added,Brex #23 - npm published 2025-12-29
vercel,Vercel,flagship+,30,@intentsolutionsio/vercel-skill-md-pack,published,ccpi-vercel,30,0,not_started,added,Brex #27 - npm published 2025-12-29
sentry,Sentry,flagship+,30,@intentsolutionsio/sentry-skill-md-pack,published,ccpi-sentry,30,0,complete,added,Brex #33 - npm published 2025-12-30
cursor,Cursor,flagship+,30,@intentsolutionsio/cursor-skill-md-pack,published,ccpi-cursor,30,0,complete,added,Brex #1 - npm published 2025-12-30
openrouter,OpenRouter,flagship+,30,@intentsolutionsio/openrouter-skill-md-pack,published,ccpi-openrouter,30,0,complete,added,Brex #2 - npm published 2025-12-30
klingai,Kling AI,flagship+,30,@intentsolutionsio/klingai-skill-md-pack,published,ccpi-klingai,30,0,complete,added,Brex #3 - npm published 2025-12-30
retellai,Retell AI,flagship+,30,@intentsolutionsio/retellai-skill-md-pack,published,ccpi-retellai,30,30,complete,added,Brex #4 - website added 2026-01-06
perplexity,Perplexity,flagship+,30,@intentsolutionsio/perplexity-skill-md-pack,published,ccpi-perplexity,30,30,complete,added,Brex #5 - website added 2026-01-06
windsurf,Windsurf,flagship+,30,@intentsolutionsio/windsurf-skill-md-pack,published,ccpi-windsurf,30,30,complete,added,Brex #6 - website added 2026-01-06
firecrawl,FireCrawl,flagship+,30,@intentsolutionsio/firecrawl-skill-md-pack,published,ccpi-firecrawl,30,30,complete,added,Brex #7 - website added 2026-01-06
clay,Clay,flagship+,30,@intentsolutionsio/clay-skill-md-pack,published,ccpi-clay,30,30,complete,added,Brex #8 - website added 2026-01-06
replit,Replit,flagship+,30,@intentsolutionsio/replit-skill-md-pack,published,ccpi-replit,30,30,complete,added,Brex #9 - website added 2026-01-06
exa,Exa,flagship+,30,@intentsolutionsio/exa-skill-md-pack,published,ccpi-exa,30,30,complete,added,Brex #10 - website added 2026-01-06
vastai,Vast.ai,flagship,24,@intentsolutionsio/vastai-skill-md-pack,published,ccpi-vastai,24,24,complete,added,Brex #11 - website added 2026-01-06
groq,Groq,flagship,24,@intentsolutionsio/groq-skill-md-pack,published,ccpi-groq,24,24,complete,added,Brex #12 - website added 2026-01-06
instantly,Instantly,flagship,24,@intentsolutionsio/instantly-skill-md-pack,published,ccpi-instantly,24,24,complete,added,Brex #13 - website added 2026-01-06
fireflies,Fireflies.ai,flagship,24,@intentsolutionsio/fireflies-skill-md-pack,published,ccpi-fireflies,24,24,complete,added,Brex #14 - website added 2026-01-06
coderabbit,CodeRabbit,flagship,24,@intentsolutionsio/coderabbit-skill-md-pack,published,ccpi-coderabbit,24,24,complete,added,Brex #15 - website added 2026-01-06
posthog,PostHog,flagship,24,@intentsolutionsio/posthog-skill-md-pack,published,ccpi-posthog,24,24,complete,added,Brex #16 - website added 2026-01-06
ideogram,Ideogram,flagship,24,@intentsolutionsio/ideogram-skill-md-pack,published,ccpi-ideogram,24,24,complete,added,Brex #17 - website added 2026-01-06
apollo,Apollo,flagship,24,@intentsolutionsio/apollo-skill-md-pack,reserved,ccpi-apollo,24,24,complete,added,Brex #18 - website added 2026-01-06
deepgram,Deepgram,flagship,24,@intentsolutionsio/deepgram-skill-md-pack,reserved,ccpi-deepgram,24,24,complete,added,Brex #19 - website added 2026-01-06
juicebox,Juicebox,flagship,24,@intentsolutionsio/juicebox-skill-md-pack,reserved,ccpi-juicebox,24,24,complete,added,Brex #20 - website added 2026-01-06
customerio,Customer.io,flagship,24,@intentsolutionsio/customerio-skill-md-pack,reserved,ccpi-customerio,24,24,complete,added,Brex #21 - website added 2026-01-06
langchain,LangChain,flagship,24,@intentsolutionsio/langchain-skill-md-pack,reserved,ccpi-langchain,24,24,complete,added,Brex #22 - website added 2026-01-06
lindy,Lindy,flagship,24,@intentsolutionsio/lindy-skill-md-pack,reserved,ccpi-lindy,24,24,complete,added,Brex #24 - website added 2026-01-06
granola,Granola,flagship,24,@intentsolutionsio/granola-skill-md-pack,reserved,ccpi-granola,24,24,complete,added,Brex #25 - website added 2026-01-06
gamma,Gamma,flagship,24,@intentsolutionsio/gamma-skill-md-pack,reserved,ccpi-gamma,24,24,complete,added,Brex #26 - website added 2026-01-06
clerk,Clerk,flagship,24,@intentsolutionsio/clerk-skill-md-pack,reserved,ccpi-clerk,24,24,complete,added,Brex #28 - website added 2026-01-06
linear,Linear,flagship,24,@intentsolutionsio/linear-skill-md-pack,reserved,ccpi-linear,24,24,complete,added,Brex #29 - website added 2026-01-06
clickhouse,ClickHouse,flagship,24,@intentsolutionsio/clickhouse-skill-md-pack,reserved,ccpi-clickhouse,24,0,not_started,not_added,Brex #30
fondo,Fondo,pro,18,@intentsolutionsio/fondo-skill-md-pack,reserved,ccpi-fondo,18,0,not_started,not_added,Brex #31
anima,Anima,pro,18,@intentsolutionsio/anima-skill-md-pack,reserved,ccpi-anima,18,0,not_started,not_added,Brex #32
flyio,Fly.io,pro,18,@intentsolutionsio/flyio-skill-md-pack,reserved,ccpi-flyio,18,0,not_started,not_added,Brex #34
framer,Framer,pro,18,@intentsolutionsio/framer-skill-md-pack,reserved,ccpi-framer,18,0,not_started,not_added,Brex #35
stackblitz,StackBlitz,pro,18,@intentsolutionsio/stackblitz-skill-md-pack,reserved,ccpi-stackblitz,18,0,not_started,not_added,Brex #36
elevenlabs,ElevenLabs,pro,18,@intentsolutionsio/elevenlabs-skill-md-pack,reserved,ccpi-elevenlabs,18,0,not_started,not_added,Brex #37
assemblyai,AssemblyAI,pro,18,@intentsolutionsio/assemblyai-skill-md-pack,reserved,ccpi-assemblyai,18,0,not_started,not_added,Brex #38
serpapi,SerpApi,pro,18,@intentsolutionsio/serpapi-skill-md-pack,reserved,ccpi-serpapi,18,0,not_started,not_added,Brex #39
hex,Hex,pro,18,@intentsolutionsio/hex-skill-md-pack,reserved,ccpi-hex,18,0,not_started,not_added,Brex #40
fathom,Fathom,pro,18,@intentsolutionsio/fathom-skill-md-pack,reserved,ccpi-fathom,18,0,not_started,not_added,Brex #41
attio,Attio,pro,18,@intentsolutionsio/attio-skill-md-pack,reserved,ccpi-attio,18,0,not_started,not_added,Brex #42
alchemy,Alchemy,pro,18,@intentsolutionsio/alchemy-skill-md-pack,reserved,ccpi-alchemy,18,0,not_started,not_added,Brex #43
runway,Runway,pro,18,@intentsolutionsio/runway-skill-md-pack,reserved,ccpi-runway,18,0,not_started,not_added,Brex #44
brightdata,Bright Data,pro,18,@intentsolutionsio/brightdata-skill-md-pack,reserved,ccpi-brightdata,18,0,not_started,not_added,Brex #45
together,Together AI,pro,18,@intentsolutionsio/together-skill-md-pack,reserved,ccpi-together,18,0,not_started,not_added,Brex #46
apify,Apify,pro,18,@intentsolutionsio/apify-skill-md-pack,reserved,ccpi-apify,18,0,not_started,not_added,Brex #47
finta,Finta,pro,18,@intentsolutionsio/finta-skill-md-pack,reserved,ccpi-finta,18,0,not_started,not_added,Brex #48
mistral,Mistral AI,pro,18,@intentsolutionsio/mistral-skill-md-pack,reserved,ccpi-mistral,18,0,not_started,not_added,Brex #49
wispr,Wispr,pro,18,@intentsolutionsio/wispr-skill-md-pack,reserved,ccpi-wispr,18,0,not_started,not_added,Brex #50
anthropic,Anthropic,flagship+,30,@intentsolutionsio/anthropic-skill-md-pack,reserved,ccpi-anthropic,30,0,not_started,not_added,Extended #51 - Claude maker
databricks,Databricks,flagship+,30,@intentsolutionsio/databricks-skill-md-pack,reserved,ccpi-databricks,30,0,not_started,not_added,Extended #52
coreweave,CoreWeave,flagship,24,@intentsolutionsio/coreweave-skill-md-pack,reserved,ccpi-coreweave,24,0,not_started,not_added,Extended #53
glean,Glean,flagship,24,@intentsolutionsio/glean-skill-md-pack,reserved,ccpi-glean,24,0,not_started,not_added,Extended #54
cohere,Cohere,flagship,24,@intentsolutionsio/cohere-skill-md-pack,reserved,ccpi-cohere,24,0,not_started,not_added,Extended #55
abridge,Abridge,pro,18,@intentsolutionsio/abridge-skill-md-pack,reserved,ccpi-abridge,18,0,not_started,not_added,Extended #56
notion,Notion,flagship+,30,@intentsolutionsio/notion-skill-md-pack,reserved,ccpi-notion,30,0,not_started,not_added,Extended #57 - top note-taking app
figma,Figma,flagship+,30,@intentsolutionsio/figma-skill-md-pack,reserved,ccpi-figma,30,0,not_started,not_added,Extended #58
ramp,Ramp,flagship,24,@intentsolutionsio/ramp-skill-md-pack,reserved,ccpi-ramp,24,0,not_started,not_added,Extended #59
navan,Navan,flagship,24,@intentsolutionsio/navan-skill-md-pack,reserved,ccpi-navan,24,0,not_started,not_added,Extended #60
podium,Podium,pro,18,@intentsolutionsio/podium-skill-md-pack,reserved,ccpi-podium,18,0,not_started,not_added,Extended #61
klaviyo,Klaviyo,flagship,24,@intentsolutionsio/klaviyo-skill-md-pack,reserved,ccpi-klaviyo,24,0,not_started,not_added,Extended #62
intercom,Intercom,flagship,24,@intentsolutionsio/intercom-skill-md-pack,reserved,ccpi-intercom,24,0,not_started,not_added,Extended #63
linktree,Linktree,pro,18,@intentsolutionsio/linktree-skill-md-pack,reserved,ccpi-linktree,18,0,not_started,not_added,Extended #64
bamboohr,BambooHR,pro,18,@intentsolutionsio/bamboohr-skill-md-pack,reserved,ccpi-bamboohr,18,0,not_started,not_added,Extended #65
miro,Miro,flagship,24,@intentsolutionsio/miro-skill-md-pack,reserved,ccpi-miro,24,0,not_started,not_added,Extended #66
grammarly,Grammarly,flagship,24,@intentsolutionsio/grammarly-skill-md-pack,reserved,ccpi-grammarly,24,0,not_started,not_added,Extended #67
shopify,Shopify,flagship+,30,@intentsolutionsio/shopify-skill-md-pack,reserved,ccpi-shopify,30,0,not_started,not_added,Extended #68
canva,Canva,flagship+,30,@intentsolutionsio/canva-skill-md-pack,reserved,ccpi-canva,30,0,not_started,not_added,Extended #69
clickup,ClickUp,flagship,24,@intentsolutionsio/clickup-skill-md-pack,reserved,ccpi-clickup,24,0,not_started,not_added,Extended #70
hubspot,HubSpot,flagship+,30,@intentsolutionsio/hubspot-skill-md-pack,reserved,ccpi-hubspot,30,0,not_started,not_added,Extended #71
salesforce,Salesforce,flagship+,30,@intentsolutionsio/salesforce-skill-md-pack,reserved,ccpi-salesforce,30,0,not_started,not_added,Extended #72
adobe,Adobe,flagship+,30,@intentsolutionsio/adobe-skill-md-pack,reserved,ccpi-adobe,30,0,not_started,not_added,Extended #73
palantir,Palantir,flagship,24,@intentsolutionsio/palantir-skill-md-pack,reserved,ccpi-palantir,24,0,not_started,not_added,Extended #74
snowflake,Snowflake,flagship+,30,@intentsolutionsio/snowflake-skill-md-pack,reserved,ccpi-snowflake,30,0,not_started,not_added,Extended #75
oraclecloud,Oracle Cloud,flagship,24,@intentsolutionsio/oraclecloud-skill-md-pack,reserved,ccpi-oraclecloud,24,0,not_started,not_added,Extended #76
maintainx,MaintainX,pro,18,@intentsolutionsio/maintainx-skill-md-pack,reserved,ccpi-maintainx,18,0,not_started,not_added,Extended #77
persona,Persona,pro,18,@intentsolutionsio/persona-skill-md-pack,reserved,ccpi-persona,18,0,not_started,not_added,Extended #78
castai,Cast AI,pro,18,@intentsolutionsio/castai-skill-md-pack,reserved,ccpi-castai,18,0,not_started,not_added,Extended #79
quicknode,QuickNode,pro,18,@intentsolutionsio/quicknode-skill-md-pack,reserved,ccpi-quicknode,18,0,not_started,not_added,Extended #80
lokalise,Lokalise,pro,18,@intentsolutionsio/lokalise-skill-md-pack,reserved,ccpi-lokalise,18,0,not_started,not_added,Extended #81
flexport,Flexport,flagship,24,@intentsolutionsio/flexport-skill-md-pack,reserved,ccpi-flexport,24,0,not_started,not_added,Extended #82
webflow,Webflow,flagship,24,@intentsolutionsio/webflow-skill-md-pack,reserved,ccpi-webflow,24,0,not_started,not_added,Extended #83
algolia,Algolia,flagship,24,@intentsolutionsio/algolia-skill-md-pack,reserved,ccpi-algolia,24,0,not_started,not_added,Extended #84
lucidchart,Lucidchart,pro,18,@intentsolutionsio/lucidchart-skill-md-pack,reserved,ccpi-lucidchart,18,0,not_started,not_added,Extended #85
techsmith,TechSmith,pro,18,@intentsolutionsio/techsmith-skill-md-pack,reserved,ccpi-techsmith,18,0,not_started,not_added,Extended #86
mindtickle,Mindtickle,pro,18,@intentsolutionsio/mindtickle-skill-md-pack,reserved,ccpi-mindtickle,18,0,not_started,not_added,Extended #87
salesloft,Salesloft,pro,18,@intentsolutionsio/salesloft-skill-md-pack,reserved,ccpi-salesloft,18,0,not_started,not_added,Extended #88
clari,Clari,pro,18,@intentsolutionsio/clari-skill-md-pack,reserved,ccpi-clari,18,0,not_started,not_added,Extended #89
workhuman,Workhuman,pro,18,@intentsolutionsio/workhuman-skill-md-pack,reserved,ccpi-workhuman,18,0,not_started,not_added,Extended #90
hootsuite,Hootsuite,pro,18,@intentsolutionsio/hootsuite-skill-md-pack,reserved,ccpi-hootsuite,18,0,not_started,not_added,Extended #91
remofirst,RemoFirst,standard,12,@intentsolutionsio/remofirst-skill-md-pack,reserved,ccpi-remofirst,12,0,not_started,not_added,Extended #92
appfolio,AppFolio,pro,18,@intentsolutionsio/appfolio-skill-md-pack,reserved,ccpi-appfolio,18,0,not_started,not_added,Extended #93
procore,Procore,flagship,24,@intentsolutionsio/procore-skill-md-pack,reserved,ccpi-procore,24,0,not_started,not_added,Extended #94
veeva,Veeva,flagship,24,@intentsolutionsio/veeva-skill-md-pack,reserved,ccpi-veeva,24,0,not_started,not_added,Extended #95
guidewire,Guidewire,pro,18,@intentsolutionsio/guidewire-skill-md-pack,reserved,ccpi-guidewire,18,0,not_started,not_added,Extended #96
langfuse,Langfuse,pro,18,@intentsolutionsio/langfuse-skill-md-pack,reserved,ccpi-langfuse,18,0,not_started,not_added,Extended #97
twinmind,TwinMind,standard,12,@intentsolutionsio/twinmind-skill-md-pack,reserved,ccpi-twinmind,12,0,not_started,not_added,Extended #98
speak,Speak,pro,18,@intentsolutionsio/speak-skill-md-pack,reserved,ccpi-speak,18,0,not_started,not_added,Extended #99
openevidence,OpenEvidence,pro,18,@intentsolutionsio/openevidence-skill-md-pack,reserved,ccpi-openevidence,18,0,not_started,not_added,Extended #100
documenso,Documenso,pro,18,@intentsolutionsio/documenso-skill-md-pack,reserved,ccpi-documenso,18,0,not_started,not_added,open-source document signing - DocuSign alternative
evernote,Evernote,flagship,24,@intentsolutionsio/evernote-skill-md-pack,reserved,ccpi-evernote,24,0,not_started,not_added,note-taking - 15.9% market share
apple-notes,Apple Notes,flagship,24,@intentsolutionsio/apple-notes-skill-md-pack,reserved,ccpi-apple-notes,24,0,not_started,not_added,note-taking - 15.5% market share
obsidian,Obsidian,pro,18,@intentsolutionsio/obsidian-skill-md-pack,reserved,ccpi-obsidian,18,0,not_started,not_added,note-taking - 8.7% market share
onenote,OneNote,pro,18,@intentsolutionsio/onenote-skill-md-pack,reserved,ccpi-onenote,18,0,not_started,not_added,note-taking - 7.9% market share
