Name,Who,What,When,Where,Definition_of_Success_Technical,Definition_of_Success_Business,Target_Goal,Production,Category,Path,Allowed_Tools,Version,License,Author
sentry-install-auth,"Backend developers, DevOps engineers, SREs","Install and configure Sentry SDK authentication with DSN setup and initialization","install sentry, setup sentry, sentry auth, configure sentry DSN","Claude Code skill; Sentry SDK; application monitoring","Installed SDK package, environment variable or .env file with DSN, Sentry initialized and ready to capture errors","Reduced time to first error tracking, standardized monitoring setup","Enable error tracking within 15 minutes of starting setup",true,onboarding,plugins/saas-packs/sentry-pack/skills/sentry-install-auth/,"Read, Write, Edit, Bash(npm:*), Bash(pip:*), Grep",1.0.0,MIT,Jeremy Longshore <jeremy@intentsolutions.io>
sentry-hello-world,"Backend developers, Frontend developers, QA engineers","Capture first error with Sentry and verify it appears in the dashboard","test sentry, sentry hello world, verify sentry, first sentry error","Claude Code skill; Sentry SDK; application monitoring","Test error visible in Sentry dashboard, event contains stack trace and metadata, user context and tags attached","Validated error tracking pipeline, confidence in monitoring setup","Successfully capture and view first test error in Sentry dashboard",true,onboarding,plugins/saas-packs/sentry-pack/skills/sentry-hello-world/,"Read, Write, Edit, Bash(node:*), Bash(python:*), Grep",1.0.0,MIT,Jeremy Longshore <jeremy@intentsolutions.io>
sentry-local-dev-loop,"Backend developers, Frontend developers","Set up local development workflow with Sentry including debug mode and testing","sentry local dev, sentry development, debug sentry, sentry dev environment","Claude Code skill; Sentry SDK; application monitoring","Environment-aware Sentry configuration, debug logging enabled for development, separate project/DSN for development events","Faster development iteration, reduced noise in production monitoring","Configure development environment with appropriate Sentry settings",true,onboarding,plugins/saas-packs/sentry-pack/skills/sentry-local-dev-loop/,"Read, Write, Edit, Bash(npm:*), Grep",1.0.0,MIT,Jeremy Longshore <jeremy@intentsolutions.io>
sentry-sdk-patterns,"Backend developers, Senior engineers, Tech leads","Best practices for using Sentry SDK in TypeScript and Python with code patterns","sentry best practices, sentry patterns, sentry sdk usage, sentry code structure","Claude Code skill; Sentry SDK; application monitoring","Clean maintainable error handling code, consistent error context across application, efficient Sentry SDK usage","Improved code quality, standardized error handling patterns","Implement production-ready SDK patterns for error handling",true,onboarding,plugins/saas-packs/sentry-pack/skills/sentry-sdk-patterns/,"Read, Write, Edit, Grep",1.0.0,MIT,Jeremy Longshore <jeremy@intentsolutions.io>
sentry-error-capture,"Backend developers, Frontend developers","Advanced error capture and context enrichment with Sentry including tags and breadcrumbs","sentry error capture, sentry context, enrich sentry errors, sentry exception handling","Claude Code skill; Sentry SDK; application monitoring","Errors with full context in Sentry dashboard, filterable tags for issue management, user attribution for error tracking","Better error diagnosis, faster incident resolution, improved user support","Implement comprehensive error capture with rich context",true,onboarding,plugins/saas-packs/sentry-pack/skills/sentry-error-capture/,"Read, Write, Edit, Grep",1.0.0,MIT,Jeremy Longshore <jeremy@intentsolutions.io>
sentry-performance-tracing,"Backend developers, Performance engineers, SREs","Set up performance monitoring and distributed tracing with Sentry","sentry performance, sentry tracing, sentry APM, monitor performance sentry","Claude Code skill; Sentry SDK; application monitoring","Performance data visible in Sentry Performance dashboard, distributed traces across services, span breakdowns for bottleneck identification","Proactive performance optimization, reduced latency issues, better user experience","Enable performance monitoring with appropriate sampling rates",true,onboarding,plugins/saas-packs/sentry-pack/skills/sentry-performance-tracing/,"Read, Write, Edit, Grep",1.0.0,MIT,Jeremy Longshore <jeremy@intentsolutions.io>
sentry-common-errors,"Backend developers, DevOps engineers, Support engineers","Troubleshoot common Sentry integration issues and fixes","sentry not working, sentry errors missing, fix sentry, sentry troubleshoot","Claude Code skill; Sentry SDK; application monitoring","Identified and resolved common issues, working Sentry integration, documented solutions","Reduced support time, faster issue resolution, improved monitoring reliability","Diagnose and fix common Sentry integration problems",true,operations,plugins/saas-packs/sentry-pack/skills/sentry-common-errors/,"Read, Grep, Bash(npm:*), Bash(curl:*)",1.0.0,MIT,Jeremy Longshore <jeremy@intentsolutions.io>
sentry-debug-bundle,"DevOps engineers, Support engineers, SREs","Collect debug information for Sentry support tickets","sentry debug info, sentry support ticket, gather sentry diagnostics, sentry debug bundle","Claude Code skill; Sentry SDK; application monitoring","Comprehensive debug bundle with SDK version, configuration, connectivity test, and capture results","Faster support resolution, better communication with Sentry support, reduced troubleshooting time","Generate complete diagnostic bundle for support requests",true,operations,plugins/saas-packs/sentry-pack/skills/sentry-debug-bundle/,"Read, Bash(npm:*), Bash(node:*), Grep",1.0.0,MIT,Jeremy Longshore <jeremy@intentsolutions.io>
sentry-rate-limits,"Backend developers, DevOps engineers, FinOps engineers","Manage Sentry rate limits and quota optimization","sentry rate limit, sentry quota, reduce sentry events, sentry 429","Claude Code skill; Sentry SDK; application monitoring","Reduced event volume, optimized sampling rates, no rate limit issues","Cost control, predictable billing, maintained monitoring coverage","Implement rate limit management without losing critical error visibility",true,operations,plugins/saas-packs/sentry-pack/skills/sentry-rate-limits/,"Read, Write, Edit, Grep",1.0.0,MIT,Jeremy Longshore <jeremy@intentsolutions.io>
sentry-security-basics,"Security engineers, DevOps engineers, Compliance officers","Configure Sentry security settings and data protection including PII scrubbing","sentry security, sentry PII, sentry data scrubbing, secure sentry","Claude Code skill; Sentry SDK; application monitoring","Data scrubbing enabled, sensitive field patterns configured, security checklist completed","GDPR/HIPAA compliance, reduced data breach risk, improved security posture","Configure secure Sentry integration with proper data handling",true,operations,plugins/saas-packs/sentry-pack/skills/sentry-security-basics/,"Read, Write, Edit, Grep",1.0.0,MIT,Jeremy Longshore <jeremy@intentsolutions.io>
sentry-prod-checklist,"DevOps engineers, SREs, Release managers","Production deployment checklist for Sentry integration","sentry production, deploy sentry, sentry checklist, sentry go-live","Claude Code skill; Sentry SDK; application monitoring","All checklist items verified, source maps uploaded, alerts configured, security settings enabled","Smooth production deployment, reduced post-deploy issues, complete monitoring coverage","Complete production-readiness verification before deployment",true,operations,plugins/saas-packs/sentry-pack/skills/sentry-prod-checklist/,"Read, Grep, Bash(npm:*), Bash(curl:*)",1.0.0,MIT,Jeremy Longshore <jeremy@intentsolutions.io>
sentry-upgrade-migration,"Backend developers, DevOps engineers","Upgrade Sentry SDK and migrate between versions","upgrade sentry, sentry migration, update sentry sdk, sentry breaking changes","Claude Code skill; Sentry SDK; application monitoring","Successfully upgraded SDK, handled breaking changes, verified functionality post-upgrade","Maintained monitoring during upgrade, access to new features, improved stability","Complete SDK upgrade with zero monitoring downtime",true,operations,plugins/saas-packs/sentry-pack/skills/sentry-upgrade-migration/,"Read, Write, Edit, Bash(npm:*), Grep",1.0.0,MIT,Jeremy Longshore <jeremy@intentsolutions.io>
sentry-ci-integration,"DevOps engineers, Platform engineers, Release managers","Integrate Sentry with CI/CD pipelines for automated releases and source maps","sentry github actions, sentry CI, sentry pipeline, automate sentry releases","Claude Code skill; Sentry SDK; application monitoring","CI/CD workflow configured, source maps uploaded automatically, releases created on deploy","Automated release tracking, no manual source map uploads, consistent release management","Automate Sentry releases in CI/CD pipeline",true,cicd,plugins/saas-packs/sentry-pack/skills/sentry-ci-integration/,"Read, Write, Edit, Bash(gh:*), Grep",1.0.0,MIT,Jeremy Longshore <jeremy@intentsolutions.io>
sentry-deploy-integration,"DevOps engineers, SREs, Platform engineers","Track deployments and releases in Sentry with release health monitoring","sentry deploy tracking, sentry release health, track deployments sentry, sentry deployment notification","Claude Code skill; Sentry SDK; application monitoring","Deployment tracking enabled, release health metrics available, multi-environment deploys working","Deployment visibility, release comparison capability, faster rollback decisions","Enable deployment tracking with release health monitoring",true,cicd,plugins/saas-packs/sentry-pack/skills/sentry-deploy-integration/,"Read, Write, Edit, Bash(sentry-cli:*), Grep",1.0.0,MIT,Jeremy Longshore <jeremy@intentsolutions.io>
sentry-release-management,"DevOps engineers, Release managers, Backend developers","Manage Sentry releases and associate commits with proper versioning","sentry release, sentry commits, manage sentry versions, sentry release workflow","Claude Code skill; Sentry SDK; application monitoring","Releases created with commits, source maps uploaded, suspect commits visible for issues","Better issue attribution, faster root cause analysis, improved release tracking","Implement complete release management workflow",true,cicd,plugins/saas-packs/sentry-pack/skills/sentry-release-management/,"Read, Write, Edit, Bash(sentry-cli:*), Bash(git:*), Grep",1.0.0,MIT,Jeremy Longshore <jeremy@intentsolutions.io>
sentry-performance-tuning,"Performance engineers, Backend developers, SREs","Optimize Sentry performance monitoring configuration for production","sentry performance optimize, tune sentry tracing, sentry overhead, improve sentry performance","Claude Code skill; Sentry SDK; application monitoring","Optimized sample rates, reduced SDK overhead, meaningful transaction names, efficient span creation","Balanced performance monitoring vs overhead, cost-effective tracing, actionable performance data","Optimize performance monitoring for production workloads",true,cicd,plugins/saas-packs/sentry-pack/skills/sentry-performance-tuning/,"Read, Write, Edit, Grep",1.0.0,MIT,Jeremy Longshore <jeremy@intentsolutions.io>
sentry-cost-tuning,"FinOps engineers, DevOps engineers, Engineering managers","Optimize Sentry costs and event volume through sampling and filtering","reduce sentry costs, sentry billing, sentry quota, optimize sentry spend","Claude Code skill; Sentry SDK; application monitoring","Reduced event volume, optimized sampling, disabled unused features, cost monitoring in place","Predictable Sentry billing, cost savings, maintained monitoring quality","Reduce Sentry costs by 50% while maintaining monitoring coverage",true,cicd,plugins/saas-packs/sentry-pack/skills/sentry-cost-tuning/,"Read, Write, Edit, Grep",1.0.0,MIT,Jeremy Longshore <jeremy@intentsolutions.io>
sentry-reference-architecture,"Architects, Tech leads, Senior engineers","Best-practice Sentry architecture patterns for enterprise integration","sentry architecture, sentry best practices, design sentry integration, sentry project structure","Claude Code skill; Sentry SDK; application monitoring","Centralized config module, consistent error handling patterns, distributed tracing architecture, team-based alert routing","Standardized monitoring across teams, scalable architecture, improved collaboration","Design and implement enterprise-grade Sentry architecture",true,cicd,plugins/saas-packs/sentry-pack/skills/sentry-reference-architecture/,"Read, Write, Edit, Grep",1.0.0,MIT,Jeremy Longshore <jeremy@intentsolutions.io>
sentry-multi-env-setup,"DevOps engineers, Platform engineers, Backend developers","Configure Sentry across multiple environments with proper isolation","sentry environments, sentry staging setup, multi-environment sentry, sentry dev vs prod","Claude Code skill; Sentry SDK; application monitoring","Environment-specific sample rates, proper DSN management, environment filtering in dashboard, per-environment alerts","Environment isolation, noise reduction, appropriate monitoring per stage","Configure Sentry for dev/staging/production with proper separation",true,enterprise,plugins/saas-packs/sentry-pack/skills/sentry-multi-env-setup/,"Read, Write, Edit, Grep",1.0.0,MIT,Jeremy Longshore <jeremy@intentsolutions.io>
sentry-observability,"DevOps engineers, SREs, Platform engineers","Integrate Sentry with observability stack including logging and metrics","sentry observability, sentry logging integration, sentry metrics, sentry datadog integration","Claude Code skill; Sentry SDK; application monitoring","Logging integration configured, metrics correlation working, APM tool integration, unified observability dashboard","Single pane of glass for observability, correlated debugging, faster incident resolution","Integrate Sentry into broader observability ecosystem",true,enterprise,plugins/saas-packs/sentry-pack/skills/sentry-observability/,"Read, Write, Edit, Grep",1.0.0,MIT,Jeremy Longshore <jeremy@intentsolutions.io>
sentry-incident-runbook,"SREs, On-call engineers, Incident commanders","Incident response procedures using Sentry for investigation and triage","sentry incident response, sentry triage, investigate sentry error, sentry runbook","Claude Code skill; Sentry SDK; application monitoring","Incident severity classification, triage checklist completed, common issue patterns documented, postmortem template","Faster incident resolution, consistent triage process, improved post-incident learning","Establish incident response procedures using Sentry",true,enterprise,plugins/saas-packs/sentry-pack/skills/sentry-incident-runbook/,"Read, Write, Edit, Grep",1.0.0,MIT,Jeremy Longshore <jeremy@intentsolutions.io>
sentry-data-handling,"Security engineers, Compliance officers, DevOps engineers","Handle sensitive data properly in Sentry with PII scrubbing and GDPR compliance","sentry pii, sentry gdpr, sentry data privacy, scrub sensitive data sentry","Claude Code skill; Sentry SDK; application monitoring","PII scrubbing configured, GDPR compliance checklist completed, data retention set, IP anonymization enabled","Regulatory compliance, reduced liability, improved data privacy","Implement compliant data handling in Sentry",true,enterprise,plugins/saas-packs/sentry-pack/skills/sentry-data-handling/,"Read, Write, Edit, Grep",1.0.0,MIT,Jeremy Longshore <jeremy@intentsolutions.io>
sentry-enterprise-rbac,"Security engineers, Platform administrators, Engineering managers","Configure enterprise role-based access control in Sentry with SSO and SCIM","sentry rbac, sentry permissions, sentry team access, sentry sso setup","Claude Code skill; Sentry SDK; application monitoring","Team structure configured, SSO integration working, SCIM provisioning enabled, API token management in place","Secure access control, automated user provisioning, audit compliance","Implement enterprise RBAC with SSO integration",true,enterprise,plugins/saas-packs/sentry-pack/skills/sentry-enterprise-rbac/,"Read, Write, Edit, Grep",1.0.0,MIT,Jeremy Longshore <jeremy@intentsolutions.io>
sentry-migration-deep-dive,"Platform engineers, Tech leads, DevOps engineers","Migrate to Sentry from other error tracking tools like Rollbar or Bugsnag","migrate to sentry, sentry migration, switch from rollbar to sentry, replace bugsnag with sentry","Claude Code skill; Sentry SDK; application monitoring","Migration plan executed, old SDK removed, alert configurations migrated, team trained","Zero monitoring downtime during migration, feature parity achieved, cost optimization","Complete migration from legacy error tracking tool to Sentry",true,enterprise,plugins/saas-packs/sentry-pack/skills/sentry-migration-deep-dive/,"Read, Write, Edit, Bash(npm:*), Bash(pip:*), Grep",1.0.0,MIT,Jeremy Longshore <jeremy@intentsolutions.io>
sentry-advanced-troubleshooting,"Senior engineers, SREs, Support engineers","Advanced Sentry troubleshooting techniques for complex issues","sentry not working, debug sentry, sentry events missing, fix sentry issues","Claude Code skill; Sentry SDK; application monitoring","Root cause identified, diagnostic script executed, complex issues resolved, documentation updated","Reduced escalations, faster resolution of edge cases, improved team knowledge","Diagnose and resolve complex Sentry SDK and configuration issues",true,advanced,plugins/saas-packs/sentry-pack/skills/sentry-advanced-troubleshooting/,"Read, Write, Edit, Grep, Bash",1.0.0,MIT,Jeremy Longshore <jeremy@intentsolutions.io>
sentry-load-scale,"Platform engineers, SREs, Performance engineers","Scale Sentry for high-traffic applications handling millions of events","sentry high traffic, scale sentry, sentry high volume, sentry millions events","Claude Code skill; Sentry SDK; application monitoring","Adaptive sampling implemented, resource optimization complete, quota management in place, multi-region deployment working","Cost-effective at scale, maintained visibility, no performance degradation","Scale Sentry for high-volume production workloads",true,advanced,plugins/saas-packs/sentry-pack/skills/sentry-load-scale/,"Read, Write, Edit, Grep",1.0.0,MIT,Jeremy Longshore <jeremy@intentsolutions.io>
sentry-reliability-patterns,"Platform engineers, SREs, Senior developers","Build reliable Sentry integrations with graceful degradation and failover","sentry reliability, sentry failover, sentry sdk failure handling, resilient sentry setup","Claude Code skill; Sentry SDK; application monitoring","Graceful degradation implemented, circuit breaker pattern in place, offline queue working, health checks configured","No application failures due to Sentry issues, reliable error capture, resilient monitoring","Implement reliable Sentry integration that handles failures gracefully",true,advanced,plugins/saas-packs/sentry-pack/skills/sentry-reliability-patterns/,"Read, Write, Edit, Grep",1.0.0,MIT,Jeremy Longshore <jeremy@intentsolutions.io>
sentry-policy-guardrails,"Platform administrators, Security engineers, Tech leads","Implement governance and policy guardrails for Sentry usage","sentry governance, sentry standards, sentry policy, enforce sentry configuration","Claude Code skill; Sentry SDK; application monitoring","Shared configuration package created, compliance enforcement in place, audit script running, naming standards enforced","Standardized monitoring across organization, compliance achieved, reduced configuration drift","Establish organizational policies and guardrails for Sentry usage",true,advanced,plugins/saas-packs/sentry-pack/skills/sentry-policy-guardrails/,"Read, Write, Edit, Grep",1.0.0,MIT,Jeremy Longshore <jeremy@intentsolutions.io>
sentry-architecture-variants,"Architects, Tech leads, Platform engineers","Sentry architecture patterns for different application types including serverless and microservices","sentry monolith setup, sentry microservices, sentry serverless, sentry architecture pattern","Claude Code skill; Sentry SDK; application monitoring","Architecture-appropriate setup, distributed tracing working, proper project structure, event-driven integration","Scalable monitoring architecture, proper isolation, efficient resource usage","Implement Sentry architecture appropriate for application type",true,advanced,plugins/saas-packs/sentry-pack/skills/sentry-architecture-variants/,"Read, Write, Edit, Grep",1.0.0,MIT,Jeremy Longshore <jeremy@intentsolutions.io>
sentry-known-pitfalls,"All developers, DevOps engineers, SREs","Common Sentry pitfalls and how to avoid them","sentry mistakes, sentry pitfalls, sentry common issues, sentry anti-patterns","Claude Code skill; Sentry SDK; application monitoring","Pitfall checklist reviewed, anti-patterns avoided, best practices implemented, configuration verified","Reduced debugging time, fewer monitoring issues, improved team knowledge","Avoid common Sentry pitfalls and implement best practices",true,advanced,plugins/saas-packs/sentry-pack/skills/sentry-known-pitfalls/,"Read, Write, Edit, Grep",1.0.0,MIT,Jeremy Longshore <jeremy@intentsolutions.io>
